"INVOICE_ID","BRANCH","CITY","CUSTOMER_TYPE","GENDER","PRODUCT_LINE","UNIT_PRICE","QUANTITY","TAX_5","TOTAL","PAYMENT","COGS","GROSS_MARGIN_PERCENTAGE","GROSS_INCOME","RATING"
"692-92-5582","B","Mandalay","Member","Female","Food and beverages",55,3,8,173,"Credit card",165,,8,6
"351-62-0822","B","Mandalay","Member","Female","Fashion accessories",55,4,3,61,"Ewallet",58,,3,5
"529-56-3974","B","Mandalay","Member","M","Electronic accessories",26,4,5,107,"Cash",102,,5,7
"299-46-1805","B","Mandalay","Member","Female","Sports and travel",71,6,28,590,"Ca$h",562,,28,5
"319-50-3348","B","Mandalay","Normal","Female","Home and lifestyle",40,2,4,85,"Ewallet",81,,4,4
"371-85-5789","B","Mandalay","Normal","Male","Health and beauty",88,3,13,277,"Ewallet",264,,13,5
"273-16-6619","B","Mandalay","Normal","Male","Home and lifestyle",33,2,3,70,"Credit card",66,,3,4
"649-29-6775","B","Mandalay","Normal","M","Fashion accessories",34,1,2,35,"Ca$h",34,,2,7
"145-94-9061","B","Mandalay","Normal","Female","Food and beverages",88,5,22,464,"Cash",442,,22,10
"871-79-8483","B","Mandalay","Normal","Male","Fashion accessories",94,5,24,494,"Credit card",471,,24,5
"640-49-2076","B","Mandalay","Normal","Male","Sports and travel",84,8,34,704,"Cash",670,,34,5
"777-82-7220","B","Mandalay","Member","Male","Home and lifestyle",30,8,12,253,"Cash",241,,12,8
"280-35-5823","B","Mandalay","Member","Female","Home and lifestyle",87,1,4,91,"Ewallet",87,,4,8
"354-25-5821","B","Mandalay","Member","Female","Sports and travel",69,6,21,435,"Cash",415,,21,6
"132-32-9879","B","Mandalay","Member","Female","Electronic accessories",94,4,19,395,"Cash",376,,19,10
"370-41-7321","B","Mandalay","Member","Male","Health and beauty",57,9,26,536,"Credit card",510,,26,8
"727-46-3608","B","Mandalay","Member","Female","Food and beverages",20,9,9,189,"Ewallet",180,,9,4
"669-54-1719","B","Mandalay","Member","Male","Electronic accessories",19,6,6,119,"Credit card",114,,6,8
"616-24-2851","B","Mandalay","Member","Female","Fashion accessories",18,4,4,75,"Ewallet",71,,4,7
"242-55-6721","B","Mandalay","Normal","Male","Home and lifestyle",16,2,2,34,"Ewallet",32,,2,7
"347-34-2234","B","Mandalay","Member","F","Sports and travel",55,9,25,520,"Ewallet",496,,25,10
"853-23-2453","B","Mandalay","Member","Male","Health and beauty",76,4,15,318,"Cash",303,,15,8
"109-28-2512","B","Mandalay","Member","Female","Fashion accessories",98,6,29,615,"Ewallet",586,,29,10
"510-95-6347","B","Mandalay","Member","Female","Food and beverages",49,3,7,153,"Ewallet",146,,7,4
"847-38-7188","B","Mandalay","Normal","Female","Food and beverages",97,3,15,305,"Ewallet",290,,15,6
"318-68-5053","B","Mandalay","Normal","Female","Health and beauty",77,6,23,485,"Cash",462,,23,6
"152-08-9985","B","Mandalay","Member","Male","Health and beauty",64,9,29,608,"Credit card",579,,29,9
"766-85-7061","B","Mandalay","Normal","Male","Health and beauty",88,10,44,923,"Ewallet",879,,44,5
"733-01-9107","B","Mandalay","Normal","Male","Home and lifestyle",36,6,25,521,"Cash",496,,25,7
"716-39-1409","B","Mandalay","Normal","Male","Health and beauty",30,7,11,223,"Cash",212,,11,8
"479-26-8945","B","Mandalay","Member","Female","Sports and travel",16,2,2,35,"Ewallet",33,,2,5
"227-78-1148","B","Mandalay","Normal","Female","Fashion accessories",73,7,25,535,"Cash",510,,25,8
"291-32-1427","B","Mandalay","Member","Male","Fashion accessories",22,5,5,115,"Ewallet",110,,5,5
"659-65-8956","B","Mandalay","Member","Male","Fashion accessories",51,1,3,54,"Ewallet",51,,3,5
"378-24-2715","B","Mandalay","Normal","Male","Home and lifestyle",53,2,5,112,"Ewallet",107,,5,4
"219-22-9386","B","Mandalay","Member","Male","Sports and travel",100,9,45,945,"Credit card",900,,45,4
"268-27-6179","B","Mandalay","Member","Female","Fashion accessories",56,8,23,474,"Ewallet",452,,23,7
"549-84-7482","B","Mandalay","Normal","Female","Sports and travel",90,9,41,853,"Ewallet",813,,41,7
"191-10-6171","B","Mandalay","Normal","Female","Fashion accessories",40,7,14,291,"Cash",277,,14,8
"695-51-0018","B","Mandalay","Normal","Female","Sports and travel",35,4,7,146,"Cash",139,,7,7
"590-83-4591","B","Mandalay","Member","Male","Electronic accessories",87,6,26,551,"Credit card",525,,26,9
"241-72-9525","B","Mandalay","Normal","Male","Sports and travel",52,10,26,545,"Cash",519,,26,8
"262-47-2794","B","Mandalay","Member","Male","Home and lifestyle",72,8,29,604,"Credit card",575,,29,6
"608-96-3517","B","Mandalay","Member","Female","Fashion accessories",92,4,18,384,"Credit card",366,,18,5
"279-74-2924","B","Mandalay","Member","Male","Electronic accessories",72,1,4,76,"Cash",72,,4,6
"307-85-2293","B","Mandalay","Normal","Male","Home and lifestyle",50,5,13,264,"Ewallet",251,,13,10
"743-04-1105","B","Mandalay","Member","Male","Health and beauty",97,9,44,919,"Ewallet",875,,44,6
"423-57-2993","B","Mandalay","Normal","Male","Sports and travel",93,6,28,588,"Ewallet",560,,28,10
"548-46-9322","B","Mandalay","Normal","Male","Food and beverages",40,10,20,419,"Credit card",399,,20,6
"505-02-0892","B","Mandalay","Member","Male","Health and beauty",43,8,17,358,"Ewallet",341,,17,6
"316-55-4634","B","Mandalay","Member","Male","Food and beverages",80,5,20,420,"Credit card",400,,20,9
"608-27-6295","B","Mandalay","Member","Male","Electronic accessories",53,6,16,333,"Credit card",317,,16,10
"414-12-7047","B","Mandalay","Normal","Male","Food and beverages",20,8,8,166,"Ewallet",158,,8,9
"895-66-0685","B","Mandalay","Member","Male","Food and beverages",18,3,3,57,"Ewallet",54,,3,8
"305-14-0245","B","Mandalay","Member","Female","Home and lifestyle",94,8,38,794,"Ewallet",756,,38,8
"732-04-5373","B","Mandalay","Member","Male","Home and lifestyle",46,4,9,195,"Cash",186,,9,7
"284-34-9626","B","Mandalay","Normal","Female","Home and lifestyle",77,3,12,243,"Credit card",231,,12,7
"437-58-8131","B","Mandalay","Normal","Female","Fashion accessories",74,2,7,154,"Ewallet",147,,7,5
"641-43-2399","B","Mandalay","Normal","Male","Home and lifestyle",26,4,5,107,"Ewallet",102,,5,6
"542-41-0513","B","Mandalay","Member","Female","Electronic accessories",57,4,11,241,"Cash",230,,11,7
"875-46-5808","B","Mandalay","Member","Male","Health and beauty",26,10,13,272,"Ewallet",259,,13,9
"394-43-4238","B","Mandalay","Member","Male","Home and lifestyle",18,5,4,93,"Credit card",89,,4,5
"573-58-9734","B","Mandalay","Normal","Female","Fashion accessories",30,3,5,96,"Ewallet",91,,5,5
"817-69-8206","B","Mandalay","Normal","Female","Electronic accessories",100,9,45,942,"Credit card",898,,45,7
"142-63-6033","B","Mandalay","Normal","Male","Home and lifestyle",92,5,23,485,"Ewallet",462,,23,5
"656-16-1063","B","Mandalay","Normal","Male","Sports and travel",46,3,7,146,"Credit card",139,,7,4
"891-58-8335","B","Mandalay","Member","Female","Sports and travel",30,7,10,218,"Cash",207,,10,7
"560-30-5617","B","Mandalay","Normal","Female","Sports and travel",25,5,6,130,"Cash",124,,6,9
"549-03-9315","B","Mandalay","Normal","Male","Fashion accessories",95,8,38,797,"Ewallet",759,,38,9
"790-29-1172","B","Mandalay","Normal","Female","Food and beverages",57,3,9,181,"Credit card",172,,9,8
"239-36-3640","B","Mandalay","Normal","Male","Electronic accessories",45,6,14,286,"Ewallet",272,,14,6
"468-01-2051","B","Mandalay","Normal","Male","Food and beverages",62,7,22,456,"Ewallet",435,,22,5
"836-82-5858","B","Mandalay","Member","Male","Health and beauty",69,9,31,656,"Ewallet",624,,31,4
"466-61-5506","B","Mandalay","Member","Female","Electronic accessories",91,6,27,571,"Cash",544,,27,5
"289-65-5721","B","Mandalay","Normal","Female","Fashion accessories",81,2,8,171,"Cash",163,,8,7
"545-46-3100","B","Mandalay","Member","Female","Electronic accessories",11,3,2,33,"Credit card",32,,2,9
"418-02-5978","B","Mandalay","Normal","Female","Health and beauty",84,9,38,795,"Cash",757,,38,8
"269-04-5750","B","Mandalay","Member","Male","Fashion accessories",74,4,15,310,"Cash",295,,15,7
"346-84-3103","B","Mandalay","Member","Female","Electronic accessories",13,5,3,69,"Cash",66,,3,4
"376-02-8238","B","Mandalay","Normal","Male","Home and lifestyle",94,8,38,789,"Credit card",751,,38,8
"866-05-7563","B","Mandalay","Member","Female","Electronic accessories",81,3,12,256,"Cash",244,,12,5
"785-13-7708","B","Mandalay","Normal","Male","Food and beverages",73,7,26,537,"Credit card",511,,26,4
"845-51-0542","B","Mandalay","Member","Male","Food and beverages",47,9,21,440,"Ewallet",419,,21,6
"110-48-7033","B","Mandalay","Member","Male","Fashion accessories",33,4,7,137,"Cash",130,,7,9
"655-85-5130","B","Mandalay","Member","Female","Fashion accessories",38,4,8,161,"Cash",153,,8,6
"154-74-7179","B","Mandalay","Normal","Male","Sports and travel",54,1,3,57,"Ewallet",54,,3,8
"571-94-0759","B","Mandalay","Member","Female","Food and beverages",75,10,37,783,"Cash",746,,37,10
"783-09-1637","B","Mandalay","Normal","Female","Sports and travel",67,5,17,354,"Ewallet",337,,17,6
"477-24-6490","B","Mandalay","Normal","Female","Health and beauty",100,6,30,628,"Ewallet",598,,30,8
"566-19-5475","B","Mandalay","Normal","Male","Fashion accessories",51,7,17,353,"Cash",336,,17,6
"498-41-1961","B","Mandalay","Normal","Male","Health and beauty",67,5,17,350,"Cash",333,,17,8
"283-79-9594","B","Mandalay","Normal","Female","Food and beverages",49,7,17,357,"Credit card",340,,17,5
"139-20-0155","B","Mandalay","Member","Male","Electronic accessories",40,10,20,423,"Credit card",403,,20,7
"585-03-5943","B","Mandalay","Normal","Male","Health and beauty",18,10,9,190,"Ewallet",181,,9,6
"573-10-3877","B","Mandalay","Member","Male","Health and beauty",39,1,2,41,"Credit card",39,,2,5
"396-90-2219","B","Mandalay","Normal","Female","Electronic accessories",15,8,6,126,"Cash",120,,6,9
"532-59-7201","B","Mandalay","Member","Male","Sports and travel",80,6,24,504,"Cash",480,,24,6
"276-54-0879","B","Mandalay","Normal","Male","Sports and travel",98,4,20,411,"Ewallet",391,,20,6
"730-61-8757","B","Mandalay","Member","Male","Health and beauty",51,4,10,215,"Credit card",205,,10,4
"868-81-1752","B","Mandalay","Normal","Male","Home and lifestyle",22,9,10,208,"Cash",198,,10,7
"692-27-8933","B","Mandalay","Normal","Female","Sports and travel",58,6,17,365,"Cash",348,,17,5
"374-17-3652","B","Mandalay","Member","Female","Food and beverages",43,9,19,405,"Credit card",385,,19,9
"378-07-7001","B","Mandalay","Member","Male","Electronic accessories",48,3,7,151,"Credit card",144,,7,8
"433-75-6987","B","Mandalay","Member","Female","Health and beauty",56,7,20,411,"Ewallet",392,,20,9
"873-95-4984","B","Mandalay","Member","Female","Health and beauty",77,7,27,565,"Cash",538,,27,8
"400-45-1220","B","Mandalay","Normal","Female","Health and beauty",14,10,7,142,"Credit card",135,,7,5
"115-99-4379","B","Mandalay","Member","Female","Fashion accessories",55,7,19,402,"Credit card",383,,19,9
"889-04-9723","B","Mandalay","Member","Female","Food and beverages",89,4,18,374,"Credit card",357,,18,8
"453-63-6187","B","Mandalay","Normal","Male","Electronic accessories",28,3,4,87,"Ewallet",83,,4,7
"578-80-7669","B","Mandalay","Normal","Male","Sports and travel",75,1,4,79,"Cash",75,,4,6
"201-86-2184","B","Mandalay","Member","Female","Electronic accessories",26,7,9,193,"Cash",184,,9,10
"261-12-8671","B","Mandalay","Normal","Female","Fashion accessories",61,2,6,128,"Credit card",122,,6,5
"843-01-4703","B","Mandalay","Member","Female","Home and lifestyle",35,9,16,334,"Credit card",318,,16,10
"182-69-8360","B","Mandalay","Normal","Female","Electronic accessories",24,4,5,99,"Credit card",95,,5,4
"868-52-7573","B","Mandalay","Normal","Female","Food and beverages",100,5,25,523,"Cash",498,,25,10
"525-88-7307","B","Mandalay","Member","Male","Sports and travel",76,1,4,80,"Cash",76,,4,6
"596-42-3999","B","Mandalay","Normal","Male","Food and beverages",18,7,6,134,"Credit card",128,,6,7
"173-82-9529","B","Mandalay","Normal","Female","Fashion accessories",38,10,19,398,"Cash",380,,19,10
"760-54-1821","B","Mandalay","Normal","Male","Home and lifestyle",14,9,6,128,"Cash",122,,6,6
"793-10-3222","B","Mandalay","Member","Female","Health and beauty",41,6,12,259,"Credit card",246,,12,8
"346-12-3257","B","Mandalay","Member","Male","Electronic accessories",19,9,9,182,"Cash",173,,9,8
"831-64-0259","B","Mandalay","Normal","Female","Fashion accessories",40,5,10,209,"Ewallet",199,,10,10
"725-32-9708","B","Mandalay","Member","Female","Fashion accessories",69,4,14,289,"Cash",275,,14,4
"244-08-0162","B","Mandalay","Normal","Female","Health and beauty",34,10,17,359,"Cash",342,,17,5
"569-71-4390","B","Mandalay","Normal","Male","Sports and travel",22,2,2,46,"Ewallet",44,,2,7
"268-03-6164","B","Mandalay","Normal","Male","Health and beauty",96,1,5,101,"Ewallet",96,,5,8
"848-07-1692","B","Mandalay","Normal","Female","Health and beauty",57,2,6,120,"Ewallet",114,,6,8
"301-81-8610","B","Mandalay","Member","Male","Fashion accessories",25,8,10,214,"Credit card",203,,10,7
"198-84-7132","B","Mandalay","Member","Male","Fashion accessories",41,9,18,384,"Cash",365,,18,7
"650-98-6268","B","Mandalay","Member","Female","Food and beverages",21,3,3,66,"Credit card",63,,3,8
"741-73-3559","B","Mandalay","Normal","Male","Sports and travel",67,5,17,353,"Cash",336,,17,7
"286-75-7818","B","Mandalay","Normal","Male","Fashion accessories",69,2,7,145,"Credit card",138,,7,7
"616-87-0016","B","Mandalay","Normal","Male","Fashion accessories",96,7,33,702,"Credit card",669,,33,10
"837-55-7229","B","Mandalay","Normal","Female","Fashion accessories",47,1,2,50,"Credit card",47,,2,7
"394-30-3170","B","Mandalay","Member","Female","Sports and travel",88,8,35,743,"Credit card",707,,35,4
"390-80-5128","B","Mandalay","Member","Female","Health and beauty",19,1,1,20,"Credit card",19,,1,10
"296-11-7041","B","Mandalay","Member","Female","Health and beauty",27,1,1,28,"Credit card",27,,1,5
"449-27-2918","B","Mandalay","Member","Female","Sports and travel",39,1,2,41,"Credit card",39,,2,10
"891-01-7034","B","Mandalay","Normal","Female","Electronic accessories",75,6,22,471,"Cash",448,,22,7
"744-09-5786","B","Mandalay","Normal","Male","Electronic accessories",22,6,7,139,"Cash",132,,7,8
"767-54-1907","B","Mandalay","Member","Female","Fashion accessories",30,5,7,155,"Cash",148,,7,7
"710-46-4433","B","Mandalay","Member","Female","Food and beverages",77,9,35,731,"Credit card",697,,35,5
"533-33-5337","B","Mandalay","Normal","Male","Electronic accessories",79,10,40,834,"Cash",794,,40,6
"554-53-3790","B","Mandalay","Normal","Male","Sports and travel",37,6,11,233,"Cash",222,,11,5
"731-59-7531","B","Mandalay","Member","Male","Health and beauty",73,8,29,610,"Cash",581,,29,5
"701-69-8742","B","Mandalay","Normal","Male","Sports and travel",34,10,17,361,"Ewallet",344,,17,7
"305-18-3552","B","Mandalay","Member","Male","Home and lifestyle",60,10,30,634,"Cash",604,,30,6
"438-01-4015","B","Mandalay","Member","Female","Sports and travel",49,4,10,208,"Ewallet",198,,10,7
"709-58-4068","B","Mandalay","Normal","Female","Fashion accessories",41,10,21,431,"Cash",411,,21,7
"627-95-3243","B","Mandalay","Member","Female","Home and lifestyle",78,9,35,734,"Ewallet",699,,35,10
"686-41-0932","B","Mandalay","Normal","Female","Fashion accessories",35,2,3,73,"Ewallet",69,,3,8
"608-04-3797","B","Mandalay","Member","Female","Health and beauty",25,8,10,213,"Ewallet",203,,10,9
"437-53-3084","B","Mandalay","Normal","Male","Fashion accessories",100,2,10,210,"Ewallet",200,,10,7
"632-32-4574","B","Mandalay","Normal","Male","Sports and travel",76,8,30,638,"Cash",607,,30,6
"401-18-8016","B","Mandalay","Member","Female","Sports and travel",98,1,5,103,"Cash",98,,5,9
"277-63-2961","B","Mandalay","Member","Male","Sports and travel",74,1,4,78,"Credit card",74,,4,5
"282-35-2475","B","Mandalay","Normal","Female","Sports and travel",93,2,9,196,"Cash",187,,9,6
"511-54-3087","B","Mandalay","Normal","Male","Sports and travel",88,1,4,93,"Credit card",88,,4,10
"387-49-4215","B","Mandalay","Member","Female","Sports and travel",49,3,7,153,"Cash",146,,7,7
"862-17-9201","B","Mandalay","Normal","Female","Food and beverages",84,6,25,530,"Credit card",504,,25,8
"291-21-5991","B","Mandalay","Member","Male","Health and beauty",61,5,15,322,"Cash",306,,15,7
"347-72-6115","B","Mandalay","Member","Female","Sports and travel",91,7,32,667,"Credit card",635,,32,6
"425-85-2085","B","Mandalay","Member","Male","Health and beauty",55,5,14,288,"Ewallet",274,,14,10
"734-91-1155","B","Mandalay","Normal","Female","Electronic accessories",46,3,7,144,"Credit card",137,,7,8
"286-62-6248","B","Mandalay","Normal","Male","Fashion accessories",39,4,8,165,"Credit card",157,,8,9
"339-38-9982","B","Mandalay","Member","Male","Fashion accessories",60,2,6,126,"Ewallet",120,,6,7
"827-44-5872","B","Mandalay","Member","Female","Food and beverages",54,10,27,571,"Credit card",544,,27,6
"857-67-9057","B","Mandalay","Normal","Male","Electronic accessories",23,10,11,241,"Ewallet",230,,11,8
"173-50-1108","B","Mandalay","Member","Female","Sports and travel",20,4,4,85,"Credit card",81,,4,5
"841-18-8232","B","Mandalay","Normal","Female","Food and beverages",71,1,4,75,"Credit card",71,,4,9
"701-23-5550","B","Mandalay","Member","Male","Home and lifestyle",39,4,8,163,"Ewallet",155,,8,5
"539-21-7227","B","Mandalay","Normal","Female","Sports and travel",52,5,13,271,"Cash",258,,13,4
"747-58-7183","B","Mandalay","Normal","Male","Fashion accessories",57,3,9,180,"Ewallet",172,,9,7
"582-52-8065","B","Mandalay","Normal","Female","Fashion accessories",54,9,24,513,"Cash",489,,24,9
"210-57-1719","B","Mandalay","Normal","Female","Health and beauty",58,9,26,550,"Cash",524,,26,10
"356-44-8813","B","Mandalay","Normal","Male","Home and lifestyle",37,3,6,118,"Credit card",112,,6,8
"198-66-9832","B","Mandalay","Member","Female","Fashion accessories",72,2,7,151,"Cash",144,,7,10
"174-75-0888","B","Mandalay","Normal","Male","Electronic accessories",22,9,10,204,"Cash",194,,10,7
"134-54-4720","B","Mandalay","Normal","Female","Electronic accessories",42,8,17,356,"Ewallet",339,,17,6
"514-37-2845","B","Mandalay","Normal","Male","Fashion accessories",99,2,10,208,"Cash",199,,10,9
"241-11-2261","B","Mandalay","Normal","Female","Fashion accessories",80,7,28,587,"Credit card",559,,28,6
"834-83-1826","B","Mandalay","Member","Female","Home and lifestyle",82,5,21,431,"Credit card",410,,21,8
"343-61-3544","B","Mandalay","Member","Male","Sports and travel",27,10,13,280,"Cash",267,,13,9
"355-34-6244","B","Mandalay","Normal","Male","Food and beverages",72,2,7,152,"Credit card",145,,7,8
"339-96-8318","B","Mandalay","Member","Male","Fashion accessories",81,7,28,598,"Ewallet",569,,28,6
"458-61-0011","B","Mandalay","Normal","Male","Food and beverages",60,4,12,253,"Cash",241,,12,6
"207-73-1363","B","Mandalay","Normal","Male","Health and beauty",70,2,7,146,"Ewallet",139,,7,8
"359-90-3665","B","Mandalay","Member","Female","Fashion accessories",18,4,4,76,"Credit card",72,,4,10
"375-72-3056","B","Mandalay","Normal","Male","Sports and travel",63,3,9,199,"Ewallet",189,,9,7
"585-11-6748","B","Mandalay","Member","Male","Sports and travel",97,3,15,305,"Cash",290,,15,5
"470-31-3286","B","Mandalay","Normal","Male","Health and beauty",15,3,2,47,"Credit card",44,,2,9
"642-30-6693","B","Mandalay","Normal","Female","Sports and travel",55,6,16,343,"Ewallet",327,,16,8
"830-58-2383","B","Mandalay","Normal","Male","Home and lifestyle",32,4,6,133,"Cash",127,,6,9
"349-97-8902","B","Mandalay","Member","Male","Food and beverages",58,2,6,122,"Ewallet",116,,6,9
"789-23-8625","B","Mandalay","Member","Male","Fashion accessories",93,3,14,294,"Cash",280,,14,7
"327-40-9673","B","Mandalay","Member","Male","Sports and travel",73,6,22,457,"Cash",436,,22,7
"670-79-6321","B","Mandalay","Member","Female","Home and lifestyle",95,7,33,695,"Credit card",662,,33,5
"852-62-7105","B","Mandalay","Normal","Female","Fashion accessories",83,10,42,874,"Credit card",833,,42,4
"598-06-7312","B","Mandalay","Member","Male","Fashion accessories",91,1,5,96,"Cash",91,,5,7
"135-13-8269","B","Mandalay","Member","Female","Food and beverages",79,2,8,166,"Cash",158,,8,9
"628-90-8624","B","Mandalay","Member","Male","Health and beauty",83,10,41,867,"Cash",826,,41,5
"420-04-7590","B","Mandalay","Normal","Male","Home and lifestyle",100,3,15,314,"Ewallet",299,,15,5
"182-88-2763","B","Mandalay","Member","Male","Food and beverages",80,3,12,252,"Credit card",240,,12,5
"188-55-0967","B","Mandalay","Member","Male","Health and beauty",66,10,33,698,"Credit card",665,,33,5
"364-33-8584","B","Mandalay","Member","Female","Food and beverages",18,5,4,93,"Cash",88,,4,9
"665-63-9737","B","Mandalay","Normal","Male","Fashion accessories",52,3,8,165,"Ewallet",157,,8,8
"695-09-5146","B","Mandalay","Member","Female","Food and beverages",99,3,15,311,"Ewallet",296,,15,6
"794-32-2436","B","Mandalay","Member","Male","Electronic accessories",56,2,6,117,"Ewallet",111,,6,6
"574-31-8277","B","Mandalay","Member","Male","Fashion accessories",34,1,2,35,"Cash",34,,2,6
"369-82-2676","B","Mandalay","Normal","Male","Electronic accessories",76,5,19,397,"Ewallet",378,,19,8
"563-47-4072","B","Mandalay","Normal","Female","Health and beauty",56,6,17,352,"Cash",335,,17,10
"149-15-7606","B","Mandalay","Member","Male","Sports and travel",37,9,17,353,"Ewallet",336,,17,5
"133-77-3154","B","Mandalay","Member","Male","Fashion accessories",60,4,12,253,"Credit card",241,,12,9
"322-02-2271","B","Mandalay","Normal","Female","Sports and travel",43,3,6,135,"Cash",129,,6,9
"725-67-2480","B","Mandalay","Member","Female","Fashion accessories",59,6,18,370,"Credit card",353,,18,6
"779-42-2410","B","Mandalay","Member","Male","Food and beverages",58,3,9,182,"Ewallet",173,,9,8
"190-14-3147","B","Mandalay","Normal","Female","Health and beauty",18,4,4,75,"Ewallet",72,,4,6
"679-22-6530","B","Mandalay","Normal","Female","Sports and travel",41,2,4,85,"Credit card",81,,4,4
"642-61-4706","B","Mandalay","Member","Male","Food and beverages",93,2,9,196,"Cash",187,,9,6
"576-31-4774","B","Mandalay","Normal","Female","Health and beauty",73,3,11,231,"Ewallet",220,,11,4
"242-11-3142","B","Mandalay","Member","Male","Fashion accessories",84,2,8,176,"Cash",168,,8,5
"752-23-3760","B","Mandalay","Member","Female","Sports and travel",64,7,22,471,"Credit card",449,,22,7
"528-87-5606","B","Mandalay","Member","Female","Electronic accessories",39,1,2,41,"Cash",39,,2,7
"320-85-2052","B","Mandalay","Normal","Female","Sports and travel",35,1,2,37,"Credit card",35,,2,7
"510-79-0415","B","Mandalay","Member","Female","Sports and travel",23,6,7,145,"Ewallet",138,,7,5
"241-96-5076","B","Mandalay","Member","Female","Home and lifestyle",49,2,5,103,"Credit card",98,,5,6
"767-97-4650","B","Mandalay","Member","Female","Sports and travel",65,2,6,136,"Credit card",130,,6,8
"826-58-8051","B","Mandalay","Normal","Male","Home and lifestyle",62,4,12,261,"Ewallet",249,,12,4
"176-64-7711","B","Mandalay","Normal","Male","Food and beverages",32,3,5,102,"Credit card",97,,5,4
"191-29-0321","B","Mandalay","Member","Female","Fashion accessories",20,10,10,208,"Credit card",198,,10,5
"729-06-2010","B","Mandalay","Member","Male","Health and beauty",80,9,36,760,"Cash",724,,36,9
"640-48-5028","B","Mandalay","Member","Female","Home and lifestyle",88,9,40,835,"Cash",796,,40,6
"186-79-9562","B","Mandalay","Normal","Male","Health and beauty",72,7,25,528,"Cash",502,,25,9
"834-45-5519","B","Mandalay","Normal","Female","Electronic accessories",43,4,9,181,"Ewallet",172,,9,8
"821-14-9046","B","Mandalay","Member","Female","Fashion accessories",17,6,5,110,"Credit card",105,,5,6
"418-05-0656","B","Mandalay","Normal","Female","Fashion accessories",26,7,9,188,"Cash",179,,9,7
"776-68-1096","B","Mandalay","Normal","Male","Home and lifestyle",44,3,7,139,"Credit card",132,,7,8
"434-35-9162","B","Mandalay","Member","Male","Food and beverages",23,4,5,98,"Ewallet",93,,5,7
"174-64-0215","B","Mandalay","Normal","Male","Sports and travel",70,10,35,732,"Credit card",697,,35,9
"299-29-0180","B","Mandalay","Member","Female","Home and lifestyle",52,7,18,384,"Cash",365,,18,9
"438-23-1242","B","Mandalay","Normal","Male","Electronic accessories",76,7,27,558,"Ewallet",531,,27,9
"238-45-6950","B","Mandalay","Member","Male","Food and beverages",54,1,3,56,"Ewallet",54,,3,6
"197-77-7132","B","Mandalay","Member","Male","Electronic accessories",92,8,37,769,"Ewallet",732,,37,6
"457-13-1708","B","Mandalay","Member","Male","Fashion accessories",65,10,33,685,"Credit card",652,,33,5
"487-79-6868","B","Mandalay","Member","Female","Home and lifestyle",12,9,6,116,"Credit card",111,,6,8
"210-30-7976","B","Mandalay","Member","Female","Fashion accessories",22,4,4,94,"Ewallet",89,,4,4
"775-72-1988","B","Mandalay","Normal","Male","Home and lifestyle",73,5,18,385,"Ewallet",366,,18,8
"785-96-0615","B","Mandalay","Member","Female","Electronic accessories",36,8,14,300,"Ewallet",286,,14,5
"842-40-8179","B","Mandalay","Member","Female","Food and beverages",77,10,39,811,"Credit card",772,,39,6
"525-09-8450","B","Mandalay","Normal","Male","Electronic accessories",72,10,36,757,"Credit card",721,,36,4
"593-14-4239","B","Mandalay","Normal","Female","Home and lifestyle",95,8,38,802,"Ewallet",764,,38,5
"388-76-2555","B","Mandalay","Normal","Male","Sports and travel",14,6,4,86,"Cash",82,,4,6
"711-31-1234","B","Mandalay","Normal","Female","Electronic accessories",96,4,19,402,"Cash",383,,19,8
"707-32-7409","B","Mandalay","Member","Female","Sports and travel",96,4,19,401,"Ewallet",382,,19,5
"120-54-2248","B","Mandalay","Normal","Female","Food and beverages",29,5,7,152,"Credit card",144,,7,8
"875-31-8302","B","Mandalay","Normal","Male","Sports and travel",93,1,5,98,"Cash",93,,5,10
"457-94-0464","B","Mandalay","Member","Male","Electronic accessories",88,9,40,830,"Ewallet",791,,40,6
"744-16-7898","B","Mandalay","Normal","Female","Home and lifestyle",97,10,49,1022,"Credit card",974,,49,5
"605-83-1050","B","Mandalay","Normal","Male","Fashion accessories",27,2,3,57,"Ewallet",54,,3,4
"359-94-5395","B","Mandalay","Normal","Male","Health and beauty",93,1,5,97,"Credit card",93,,5,10
"751-15-6198","B","Mandalay","Normal","Male","Sports and travel",23,6,7,145,"Ewallet",138,,7,8
"831-81-6575","B","Mandalay","Member","Female","Electronic accessories",76,9,34,714,"Cash",680,,34,8
"559-61-5987","B","Mandalay","Normal","Female","Health and beauty",18,1,1,19,"Cash",18,,1,9
"565-91-4567","B","Mandalay","Normal","Male","Health and beauty",11,8,4,90,"Ewallet",86,,4,6
"499-27-7781","B","Mandalay","Normal","Female","Food and beverages",53,8,21,447,"Ewallet",426,,21,5
"869-11-3082","B","Mandalay","Member","Male","Health and beauty",96,4,19,404,"Credit card",385,,19,8
"190-59-3964","B","Mandalay","Member","Male","Food and beverages",47,5,12,248,"Credit card",236,,12,6
"366-43-6862","B","Mandalay","Normal","Male","Electronic accessories",53,4,11,222,"Ewallet",212,,11,7
"109-86-4363","B","Mandalay","Member","Female","Sports and travel",60,7,21,442,"Credit card",421,,21,5
"222-42-0244","B","Mandalay","Member","Female","Health and beauty",72,9,32,681,"Credit card",649,,32,8
"636-17-0325","B","Mandalay","Normal","Male","Health and beauty",63,4,13,263,"Cash",250,,13,10
"343-75-9322","B","Mandalay","Member","Female","Sports and travel",12,8,5,100,"Cash",95,,5,4
"427-45-9297","B","Mandalay","Member","Female","Home and lifestyle",41,7,14,299,"Ewallet",285,,14,5
"670-71-7306","B","Mandalay","Normal","Male","Sports and travel",45,6,13,281,"Credit card",268,,13,5
"291-59-1384","B","Mandalay","Normal","Male","Electronic accessories",60,1,3,63,"Cash",60,,3,6
"866-70-2814","B","Mandalay","Normal","Female","Electronic accessories",53,10,26,554,"Ewallet",528,,26,10
"895-03-6665","B","Mandalay","Normal","Female","Fashion accessories",37,9,16,345,"Cash",329,,16,4
"770-42-8960","B","Mandalay","Normal","Male","Food and beverages",21,8,8,177,"Cash",169,,8,6
"234-36-2483","B","Mandalay","Normal","Male","Health and beauty",58,6,17,363,"Cash",346,,17,5
"152-03-4217","B","Mandalay","Normal","Female","Home and lifestyle",11,9,5,107,"Credit card",102,,5,4
"533-66-5566","B","Mandalay","Normal","Female","Home and lifestyle",51,7,18,375,"Cash",357,,18,7
"361-59-0574","B","Mandalay","Member","Male","Sports and travel",91,8,36,760,"Credit card",724,,36,7
"544-55-9589","B","Mandalay","Member","Female","Electronic accessories",21,10,11,225,"Cash",214,,11,6
"608-05-3804","B","Mandalay","Member","Male","Electronic accessories",40,1,2,42,"Cash",40,,2,6
"761-49-0439","B","Mandalay","Member","Female","Electronic accessories",12,8,5,102,"Ewallet",97,,5,9
"490-95-0021","B","Mandalay","Member","Female","Food and beverages",33,10,17,349,"Ewallet",332,,17,6
"311-13-6971","B","Mandalay","Member","Male","Sports and travel",32,10,16,336,"Credit card",320,,16,10
"114-35-5271","B","Mandalay","Normal","Female","Electronic accessories",58,8,23,486,"Cash",463,,23,8
"715-20-1673","B","Mandalay","Normal","Male","Electronic accessories",28,5,7,149,"Cash",142,,7,9
"811-35-1094","B","Mandalay","Member","Male","Electronic accessories",50,6,15,318,"Credit card",303,,15,9
"699-88-1972","B","Mandalay","Normal","Male","Health and beauty",99,8,40,833,"Credit card",793,,40,4
"509-10-0516","B","Mandalay","Normal","Male","Home and lifestyle",46,4,9,193,"Ewallet",184,,9,5
"851-98-3555","B","Mandalay","Normal","Female","Health and beauty",83,5,21,435,"Credit card",414,,21,7
"624-01-8356","B","Mandalay","Normal","Female","Home and lifestyle",49,10,25,515,"Credit card",490,,25,4
"313-66-9943","B","Mandalay","Member","Female","Food and beverages",29,3,4,92,"Credit card",87,,4,7
"777-67-2495","B","Mandalay","Normal","Male","Home and lifestyle",69,3,10,217,"Ewallet",207,,10,9
"636-98-3364","B","Mandalay","Member","Female","Electronic accessories",26,3,4,83,"Ewallet",79,,4,6
"181-82-6255","B","Mandalay","Normal","Female","Home and lifestyle",16,6,5,103,"Cash",98,,5,7
"226-34-0034","B","Mandalay","Normal","Female","Electronic accessories",14,4,3,58,"Ewallet",55,,3,9
"321-49-7382","B","Mandalay","Member","Male","Sports and travel",88,1,4,93,"Credit card",88,,4,5
"431-66-2305","B","Mandalay","Normal","Female","Electronic accessories",88,9,40,834,"Credit card",794,,40,8
"825-94-5922","B","Mandalay","Normal","Male","Sports and travel",25,2,3,53,"Ewallet",51,,3,7
"641-62-7288","B","Mandalay","Normal","Male","Home and lifestyle",100,6,30,629,"Ewallet",600,,30,7
"501-61-1753","B","Mandalay","Normal","Female","Home and lifestyle",63,6,19,398,"Ewallet",379,,19,10
"676-10-2200","B","Mandalay","Member","Male","Fashion accessories",54,1,3,56,"Ewallet",54,,3,5
"365-16-4334","B","Mandalay","Normal","Female","Food and beverages",26,8,11,222,"Ewallet",211,,11,9
"503-21-4385","B","Mandalay","Member","Male","Health and beauty",40,3,6,126,"Ewallet",120,,6,9
"305-89-2768","B","Mandalay","Member","Female","Home and lifestyle",22,3,3,69,"Ewallet",66,,3,5
"574-80-1489","B","Mandalay","Member","Female","Food and beverages",63,4,13,264,"Ewallet",251,,13,9
"200-40-6154","B","Mandalay","Member","Male","Home and lifestyle",66,6,20,415,"Cash",395,,20,6
"430-02-3888","B","Mandalay","Normal","Male","Electronic accessories",46,6,14,290,"Cash",276,,14,7
"794-42-3736","B","Mandalay","Normal","Male","Food and beverages",33,2,3,70,"Credit card",67,,3,6
"172-42-8274","B","Mandalay","Normal","Female","Electronic accessories",38,2,4,80,"Credit card",77,,4,6
"214-30-2776","B","Mandalay","Member","Female","Electronic accessories",34,5,9,181,"Credit card",172,,9,9
"746-04-1077","B","Mandalay","Member","Female","Food and beverages",85,10,42,889,"Credit card",846,,42,9
"448-34-8700","B","Mandalay","Member","Male","Home and lifestyle",37,7,13,271,"Ewallet",258,,13,7
"452-04-8808","B","Mandalay","Normal","Male","Electronic accessories",87,7,30,640,"Cash",610,,30,6
"883-69-1285","B","Mandalay","Member","Male","Fashion accessories",50,2,5,105,"Credit card",100,,5,7
"518-71-6847","B","Mandalay","Member","Male","Food and beverages",27,6,8,168,"Ewallet",160,,8,5
"156-20-0370","B","Mandalay","Normal","Female","Electronic accessories",25,1,1,27,"Credit card",25,,1,5
"151-33-7434","B","Mandalay","Normal","Female","Food and beverages",68,1,3,71,"Credit card",68,,3,7
"374-38-5555","B","Mandalay","Normal","Female","Fashion accessories",64,5,16,334,"Ewallet",319,,16,9
"764-44-8999","B","Mandalay","Normal","Female","Health and beauty",15,2,1,31,"Ewallet",30,,1,4
"552-44-5977","B","Mandalay","Member","Male","Health and beauty",62,8,25,521,"Credit card",496,,25,6
"430-53-4718","B","Mandalay","Member","Male","Health and beauty",75,8,30,633,"Credit card",603,,30,8
"602-16-6955","B","Mandalay","Normal","Female","Sports and travel",77,10,38,804,"Ewallet",766,,38,6
"690-01-6631","B","Mandalay","Normal","Male","Fashion accessories",17,10,9,184,"Ewallet",175,,9,7
"303-96-2227","B","Mandalay","Normal","Female","Home and lifestyle",97,10,49,1022,"Ewallet",974,,49,4
"692-92-5582","B","Mandalay","Member","Female","Food and beverages",55,3,8,173,"Credit card",165,,8,6
"351-62-0822","B","Mandalay","Member","Female","Fashion accessories",55,4,3,61,"Ewallet",58,,3,5
"529-56-3974","B","Mandalay","Member","M","Electronic accessories",26,4,5,107,"Cash",102,,5,7
"299-46-1805","B","Mandalay","Member","Female","Sports and travel",71,6,28,590,"Ca$h",562,,28,5
"319-50-3348","B","Mandalay","Normal","Female","Home and lifestyle",40,2,4,85,"Ewallet",81,,4,4
"371-85-5789","B","Mandalay","Normal","Male","Health and beauty",88,3,13,277,"Ewallet",264,,13,5
"273-16-6619","B","Mandalay","Normal","Male","Home and lifestyle",33,2,3,70,"Credit card",66,,3,4
"649-29-6775","B","Mandalay","Normal","M","Fashion accessories",34,1,2,35,"Ca$h",34,,2,7
"145-94-9061","B","Mandalay","Normal","Female","Food and beverages",88,5,22,464,"Cash",442,,22,10
"871-79-8483","B","Mandalay","Normal","Male","Fashion accessories",94,5,24,494,"Credit card",471,,24,5
"640-49-2076","B","Mandalay","Normal","Male","Sports and travel",84,8,34,704,"Cash",670,,34,5
"777-82-7220","B","Mandalay","Member","Male","Home and lifestyle",30,8,12,253,"Cash",241,,12,8
"280-35-5823","B","Mandalay","Member","Female","Home and lifestyle",87,1,4,91,"Ewallet",87,,4,8
"354-25-5821","B","Mandalay","Member","Female","Sports and travel",69,6,21,435,"Cash",415,,21,6
"132-32-9879","B","Mandalay","Member","Female","Electronic accessories",94,4,19,395,"Cash",376,,19,10
"370-41-7321","B","Mandalay","Member","Male","Health and beauty",57,9,26,536,"Credit card",510,,26,8
"727-46-3608","B","Mandalay","Member","Female","Food and beverages",20,9,9,189,"Ewallet",180,,9,4
"669-54-1719","B","Mandalay","Member","Male","Electronic accessories",19,6,6,119,"Credit card",114,,6,8
"616-24-2851","B","Mandalay","Member","Female","Fashion accessories",18,4,4,75,"Ewallet",71,,4,7
"242-55-6721","B","Mandalay","Normal","Male","Home and lifestyle",16,2,2,34,"Ewallet",32,,2,7
"347-34-2234","B","Mandalay","Member","F","Sports and travel",55,9,25,520,"Ewallet",496,,25,10
"853-23-2453","B","Mandalay","Member","Male","Health and beauty",76,4,15,318,"Cash",303,,15,8
"109-28-2512","B","Mandalay","Member","Female","Fashion accessories",98,6,29,615,"Ewallet",586,,29,10
"510-95-6347","B","Mandalay","Member","Female","Food and beverages",49,3,7,153,"Ewallet",146,,7,4
"847-38-7188","B","Mandalay","Normal","Female","Food and beverages",97,3,15,305,"Ewallet",290,,15,6
"318-68-5053","B","Mandalay","Normal","Female","Health and beauty",77,6,23,485,"Cash",462,,23,6
"152-08-9985","B","Mandalay","Member","Male","Health and beauty",64,9,29,608,"Credit card",579,,29,9
"766-85-7061","B","Mandalay","Normal","Male","Health and beauty",88,10,44,923,"Ewallet",879,,44,5
"733-01-9107","B","Mandalay","Normal","Male","Home and lifestyle",36,6,25,521,"Cash",496,,25,7
"716-39-1409","B","Mandalay","Normal","Male","Health and beauty",30,7,11,223,"Cash",212,,11,8
"479-26-8945","B","Mandalay","Member","Female","Sports and travel",16,2,2,35,"Ewallet",33,,2,5
"227-78-1148","B","Mandalay","Normal","Female","Fashion accessories",73,7,25,535,"Cash",510,,25,8
"291-32-1427","B","Mandalay","Member","Male","Fashion accessories",22,5,5,115,"Ewallet",110,,5,5
"659-65-8956","B","Mandalay","Member","Male","Fashion accessories",51,1,3,54,"Ewallet",51,,3,5
"378-24-2715","B","Mandalay","Normal","Male","Home and lifestyle",53,2,5,112,"Ewallet",107,,5,4
"219-22-9386","B","Mandalay","Member","Male","Sports and travel",100,9,45,945,"Credit card",900,,45,4
"268-27-6179","B","Mandalay","Member","Female","Fashion accessories",56,8,23,474,"Ewallet",452,,23,7
"549-84-7482","B","Mandalay","Normal","Female","Sports and travel",90,9,41,853,"Ewallet",813,,41,7
"191-10-6171","B","Mandalay","Normal","Female","Fashion accessories",40,7,14,291,"Cash",277,,14,8
"695-51-0018","B","Mandalay","Normal","Female","Sports and travel",35,4,7,146,"Cash",139,,7,7
"590-83-4591","B","Mandalay","Member","Male","Electronic accessories",87,6,26,551,"Credit card",525,,26,9
"241-72-9525","B","Mandalay","Normal","Male","Sports and travel",52,10,26,545,"Cash",519,,26,8
"262-47-2794","B","Mandalay","Member","Male","Home and lifestyle",72,8,29,604,"Credit card",575,,29,6
"608-96-3517","B","Mandalay","Member","Female","Fashion accessories",92,4,18,384,"Credit card",366,,18,5
"279-74-2924","B","Mandalay","Member","Male","Electronic accessories",72,1,4,76,"Cash",72,,4,6
"307-85-2293","B","Mandalay","Normal","Male","Home and lifestyle",50,5,13,264,"Ewallet",251,,13,10
"743-04-1105","B","Mandalay","Member","Male","Health and beauty",97,9,44,919,"Ewallet",875,,44,6
"423-57-2993","B","Mandalay","Normal","Male","Sports and travel",93,6,28,588,"Ewallet",560,,28,10
"548-46-9322","B","Mandalay","Normal","Male","Food and beverages",40,10,20,419,"Credit card",399,,20,6
"505-02-0892","B","Mandalay","Member","Male","Health and beauty",43,8,17,358,"Ewallet",341,,17,6
"316-55-4634","B","Mandalay","Member","Male","Food and beverages",80,5,20,420,"Credit card",400,,20,9
"608-27-6295","B","Mandalay","Member","Male","Electronic accessories",53,6,16,333,"Credit card",317,,16,10
"414-12-7047","B","Mandalay","Normal","Male","Food and beverages",20,8,8,166,"Ewallet",158,,8,9
"895-66-0685","B","Mandalay","Member","Male","Food and beverages",18,3,3,57,"Ewallet",54,,3,8
"305-14-0245","B","Mandalay","Member","Female","Home and lifestyle",94,8,38,794,"Ewallet",756,,38,8
"732-04-5373","B","Mandalay","Member","Male","Home and lifestyle",46,4,9,195,"Cash",186,,9,7
"284-34-9626","B","Mandalay","Normal","Female","Home and lifestyle",77,3,12,243,"Credit card",231,,12,7
"437-58-8131","B","Mandalay","Normal","Female","Fashion accessories",74,2,7,154,"Ewallet",147,,7,5
"641-43-2399","B","Mandalay","Normal","Male","Home and lifestyle",26,4,5,107,"Ewallet",102,,5,6
"542-41-0513","B","Mandalay","Member","Female","Electronic accessories",57,4,11,241,"Cash",230,,11,7
"875-46-5808","B","Mandalay","Member","Male","Health and beauty",26,10,13,272,"Ewallet",259,,13,9
"394-43-4238","B","Mandalay","Member","Male","Home and lifestyle",18,5,4,93,"Credit card",89,,4,5
"573-58-9734","B","Mandalay","Normal","Female","Fashion accessories",30,3,5,96,"Ewallet",91,,5,5
"817-69-8206","B","Mandalay","Normal","Female","Electronic accessories",100,9,45,942,"Credit card",898,,45,7
"142-63-6033","B","Mandalay","Normal","Male","Home and lifestyle",92,5,23,485,"Ewallet",462,,23,5
"656-16-1063","B","Mandalay","Normal","Male","Sports and travel",46,3,7,146,"Credit card",139,,7,4
"891-58-8335","B","Mandalay","Member","Female","Sports and travel",30,7,10,218,"Cash",207,,10,7
"560-30-5617","B","Mandalay","Normal","Female","Sports and travel",25,5,6,130,"Cash",124,,6,9
"549-03-9315","B","Mandalay","Normal","Male","Fashion accessories",95,8,38,797,"Ewallet",759,,38,9
"790-29-1172","B","Mandalay","Normal","Female","Food and beverages",57,3,9,181,"Credit card",172,,9,8
"239-36-3640","B","Mandalay","Normal","Male","Electronic accessories",45,6,14,286,"Ewallet",272,,14,6
"468-01-2051","B","Mandalay","Normal","Male","Food and beverages",62,7,22,456,"Ewallet",435,,22,5
"836-82-5858","B","Mandalay","Member","Male","Health and beauty",69,9,31,656,"Ewallet",624,,31,4
"466-61-5506","B","Mandalay","Member","Female","Electronic accessories",91,6,27,571,"Cash",544,,27,5
"289-65-5721","B","Mandalay","Normal","Female","Fashion accessories",81,2,8,171,"Cash",163,,8,7
"545-46-3100","B","Mandalay","Member","Female","Electronic accessories",11,3,2,33,"Credit card",32,,2,9
"418-02-5978","B","Mandalay","Normal","Female","Health and beauty",84,9,38,795,"Cash",757,,38,8
"269-04-5750","B","Mandalay","Member","Male","Fashion accessories",74,4,15,310,"Cash",295,,15,7
"346-84-3103","B","Mandalay","Member","Female","Electronic accessories",13,5,3,69,"Cash",66,,3,4
"376-02-8238","B","Mandalay","Normal","Male","Home and lifestyle",94,8,38,789,"Credit card",751,,38,8
"866-05-7563","B","Mandalay","Member","Female","Electronic accessories",81,3,12,256,"Cash",244,,12,5
"785-13-7708","B","Mandalay","Normal","Male","Food and beverages",73,7,26,537,"Credit card",511,,26,4
"845-51-0542","B","Mandalay","Member","Male","Food and beverages",47,9,21,440,"Ewallet",419,,21,6
"110-48-7033","B","Mandalay","Member","Male","Fashion accessories",33,4,7,137,"Cash",130,,7,9
"655-85-5130","B","Mandalay","Member","Female","Fashion accessories",38,4,8,161,"Cash",153,,8,6
"154-74-7179","B","Mandalay","Normal","Male","Sports and travel",54,1,3,57,"Ewallet",54,,3,8
"571-94-0759","B","Mandalay","Member","Female","Food and beverages",75,10,37,783,"Cash",746,,37,10
"783-09-1637","B","Mandalay","Normal","Female","Sports and travel",67,5,17,354,"Ewallet",337,,17,6
"477-24-6490","B","Mandalay","Normal","Female","Health and beauty",100,6,30,628,"Ewallet",598,,30,8
"566-19-5475","B","Mandalay","Normal","Male","Fashion accessories",51,7,17,353,"Cash",336,,17,6
"498-41-1961","B","Mandalay","Normal","Male","Health and beauty",67,5,17,350,"Cash",333,,17,8
"283-79-9594","B","Mandalay","Normal","Female","Food and beverages",49,7,17,357,"Credit card",340,,17,5
"139-20-0155","B","Mandalay","Member","Male","Electronic accessories",40,10,20,423,"Credit card",403,,20,7
"585-03-5943","B","Mandalay","Normal","Male","Health and beauty",18,10,9,190,"Ewallet",181,,9,6
"573-10-3877","B","Mandalay","Member","Male","Health and beauty",39,1,2,41,"Credit card",39,,2,5
"396-90-2219","B","Mandalay","Normal","Female","Electronic accessories",15,8,6,126,"Cash",120,,6,9
"532-59-7201","B","Mandalay","Member","Male","Sports and travel",80,6,24,504,"Cash",480,,24,6
"276-54-0879","B","Mandalay","Normal","Male","Sports and travel",98,4,20,411,"Ewallet",391,,20,6
"730-61-8757","B","Mandalay","Member","Male","Health and beauty",51,4,10,215,"Credit card",205,,10,4
"868-81-1752","B","Mandalay","Normal","Male","Home and lifestyle",22,9,10,208,"Cash",198,,10,7
"692-27-8933","B","Mandalay","Normal","Female","Sports and travel",58,6,17,365,"Cash",348,,17,5
"374-17-3652","B","Mandalay","Member","Female","Food and beverages",43,9,19,405,"Credit card",385,,19,9
"378-07-7001","B","Mandalay","Member","Male","Electronic accessories",48,3,7,151,"Credit card",144,,7,8
"433-75-6987","B","Mandalay","Member","Female","Health and beauty",56,7,20,411,"Ewallet",392,,20,9
"873-95-4984","B","Mandalay","Member","Female","Health and beauty",77,7,27,565,"Cash",538,,27,8
"400-45-1220","B","Mandalay","Normal","Female","Health and beauty",14,10,7,142,"Credit card",135,,7,5
"115-99-4379","B","Mandalay","Member","Female","Fashion accessories",55,7,19,402,"Credit card",383,,19,9
"889-04-9723","B","Mandalay","Member","Female","Food and beverages",89,4,18,374,"Credit card",357,,18,8
"453-63-6187","B","Mandalay","Normal","Male","Electronic accessories",28,3,4,87,"Ewallet",83,,4,7
"578-80-7669","B","Mandalay","Normal","Male","Sports and travel",75,1,4,79,"Cash",75,,4,6
"201-86-2184","B","Mandalay","Member","Female","Electronic accessories",26,7,9,193,"Cash",184,,9,10
"261-12-8671","B","Mandalay","Normal","Female","Fashion accessories",61,2,6,128,"Credit card",122,,6,5
"843-01-4703","B","Mandalay","Member","Female","Home and lifestyle",35,9,16,334,"Credit card",318,,16,10
"182-69-8360","B","Mandalay","Normal","Female","Electronic accessories",24,4,5,99,"Credit card",95,,5,4
"868-52-7573","B","Mandalay","Normal","Female","Food and beverages",100,5,25,523,"Cash",498,,25,10
"525-88-7307","B","Mandalay","Member","Male","Sports and travel",76,1,4,80,"Cash",76,,4,6
"596-42-3999","B","Mandalay","Normal","Male","Food and beverages",18,7,6,134,"Credit card",128,,6,7
"173-82-9529","B","Mandalay","Normal","Female","Fashion accessories",38,10,19,398,"Cash",380,,19,10
"760-54-1821","B","Mandalay","Normal","Male","Home and lifestyle",14,9,6,128,"Cash",122,,6,6
"793-10-3222","B","Mandalay","Member","Female","Health and beauty",41,6,12,259,"Credit card",246,,12,8
"346-12-3257","B","Mandalay","Member","Male","Electronic accessories",19,9,9,182,"Cash",173,,9,8
"831-64-0259","B","Mandalay","Normal","Female","Fashion accessories",40,5,10,209,"Ewallet",199,,10,10
"725-32-9708","B","Mandalay","Member","Female","Fashion accessories",69,4,14,289,"Cash",275,,14,4
"244-08-0162","B","Mandalay","Normal","Female","Health and beauty",34,10,17,359,"Cash",342,,17,5
"569-71-4390","B","Mandalay","Normal","Male","Sports and travel",22,2,2,46,"Ewallet",44,,2,7
"268-03-6164","B","Mandalay","Normal","Male","Health and beauty",96,1,5,101,"Ewallet",96,,5,8
"848-07-1692","B","Mandalay","Normal","Female","Health and beauty",57,2,6,120,"Ewallet",114,,6,8
"301-81-8610","B","Mandalay","Member","Male","Fashion accessories",25,8,10,214,"Credit card",203,,10,7
"198-84-7132","B","Mandalay","Member","Male","Fashion accessories",41,9,18,384,"Cash",365,,18,7
"650-98-6268","B","Mandalay","Member","Female","Food and beverages",21,3,3,66,"Credit card",63,,3,8
"741-73-3559","B","Mandalay","Normal","Male","Sports and travel",67,5,17,353,"Cash",336,,17,7
"286-75-7818","B","Mandalay","Normal","Male","Fashion accessories",69,2,7,145,"Credit card",138,,7,7
"616-87-0016","B","Mandalay","Normal","Male","Fashion accessories",96,7,33,702,"Credit card",669,,33,10
"837-55-7229","B","Mandalay","Normal","Female","Fashion accessories",47,1,2,50,"Credit card",47,,2,7
"394-30-3170","B","Mandalay","Member","Female","Sports and travel",88,8,35,743,"Credit card",707,,35,4
"390-80-5128","B","Mandalay","Member","Female","Health and beauty",19,1,1,20,"Credit card",19,,1,10
"296-11-7041","B","Mandalay","Member","Female","Health and beauty",27,1,1,28,"Credit card",27,,1,5
"449-27-2918","B","Mandalay","Member","Female","Sports and travel",39,1,2,41,"Credit card",39,,2,10
"891-01-7034","B","Mandalay","Normal","Female","Electronic accessories",75,6,22,471,"Cash",448,,22,7
"744-09-5786","B","Mandalay","Normal","Male","Electronic accessories",22,6,7,139,"Cash",132,,7,8
"767-54-1907","B","Mandalay","Member","Female","Fashion accessories",30,5,7,155,"Cash",148,,7,7
"710-46-4433","B","Mandalay","Member","Female","Food and beverages",77,9,35,731,"Credit card",697,,35,5
"533-33-5337","B","Mandalay","Normal","Male","Electronic accessories",79,10,40,834,"Cash",794,,40,6
"554-53-3790","B","Mandalay","Normal","Male","Sports and travel",37,6,11,233,"Cash",222,,11,5
"731-59-7531","B","Mandalay","Member","Male","Health and beauty",73,8,29,610,"Cash",581,,29,5
"701-69-8742","B","Mandalay","Normal","Male","Sports and travel",34,10,17,361,"Ewallet",344,,17,7
"305-18-3552","B","Mandalay","Member","Male","Home and lifestyle",60,10,30,634,"Cash",604,,30,6
"438-01-4015","B","Mandalay","Member","Female","Sports and travel",49,4,10,208,"Ewallet",198,,10,7
"709-58-4068","B","Mandalay","Normal","Female","Fashion accessories",41,10,21,431,"Cash",411,,21,7
"627-95-3243","B","Mandalay","Member","Female","Home and lifestyle",78,9,35,734,"Ewallet",699,,35,10
"686-41-0932","B","Mandalay","Normal","Female","Fashion accessories",35,2,3,73,"Ewallet",69,,3,8
"608-04-3797","B","Mandalay","Member","Female","Health and beauty",25,8,10,213,"Ewallet",203,,10,9
"437-53-3084","B","Mandalay","Normal","Male","Fashion accessories",100,2,10,210,"Ewallet",200,,10,7
"632-32-4574","B","Mandalay","Normal","Male","Sports and travel",76,8,30,638,"Cash",607,,30,6
"401-18-8016","B","Mandalay","Member","Female","Sports and travel",98,1,5,103,"Cash",98,,5,9
"277-63-2961","B","Mandalay","Member","Male","Sports and travel",74,1,4,78,"Credit card",74,,4,5
"282-35-2475","B","Mandalay","Normal","Female","Sports and travel",93,2,9,196,"Cash",187,,9,6
"511-54-3087","B","Mandalay","Normal","Male","Sports and travel",88,1,4,93,"Credit card",88,,4,10
"387-49-4215","B","Mandalay","Member","Female","Sports and travel",49,3,7,153,"Cash",146,,7,7
"862-17-9201","B","Mandalay","Normal","Female","Food and beverages",84,6,25,530,"Credit card",504,,25,8
"291-21-5991","B","Mandalay","Member","Male","Health and beauty",61,5,15,322,"Cash",306,,15,7
"347-72-6115","B","Mandalay","Member","Female","Sports and travel",91,7,32,667,"Credit card",635,,32,6
"425-85-2085","B","Mandalay","Member","Male","Health and beauty",55,5,14,288,"Ewallet",274,,14,10
"734-91-1155","B","Mandalay","Normal","Female","Electronic accessories",46,3,7,144,"Credit card",137,,7,8
"286-62-6248","B","Mandalay","Normal","Male","Fashion accessories",39,4,8,165,"Credit card",157,,8,9
"339-38-9982","B","Mandalay","Member","Male","Fashion accessories",60,2,6,126,"Ewallet",120,,6,7
"827-44-5872","B","Mandalay","Member","Female","Food and beverages",54,10,27,571,"Credit card",544,,27,6
"857-67-9057","B","Mandalay","Normal","Male","Electronic accessories",23,10,11,241,"Ewallet",230,,11,8
"173-50-1108","B","Mandalay","Member","Female","Sports and travel",20,4,4,85,"Credit card",81,,4,5
"841-18-8232","B","Mandalay","Normal","Female","Food and beverages",71,1,4,75,"Credit card",71,,4,9
"701-23-5550","B","Mandalay","Member","Male","Home and lifestyle",39,4,8,163,"Ewallet",155,,8,5
"539-21-7227","B","Mandalay","Normal","Female","Sports and travel",52,5,13,271,"Cash",258,,13,4
"747-58-7183","B","Mandalay","Normal","Male","Fashion accessories",57,3,9,180,"Ewallet",172,,9,7
"582-52-8065","B","Mandalay","Normal","Female","Fashion accessories",54,9,24,513,"Cash",489,,24,9
"210-57-1719","B","Mandalay","Normal","Female","Health and beauty",58,9,26,550,"Cash",524,,26,10
"356-44-8813","B","Mandalay","Normal","Male","Home and lifestyle",37,3,6,118,"Credit card",112,,6,8
"198-66-9832","B","Mandalay","Member","Female","Fashion accessories",72,2,7,151,"Cash",144,,7,10
"174-75-0888","B","Mandalay","Normal","Male","Electronic accessories",22,9,10,204,"Cash",194,,10,7
"134-54-4720","B","Mandalay","Normal","Female","Electronic accessories",42,8,17,356,"Ewallet",339,,17,6
"514-37-2845","B","Mandalay","Normal","Male","Fashion accessories",99,2,10,208,"Cash",199,,10,9
"241-11-2261","B","Mandalay","Normal","Female","Fashion accessories",80,7,28,587,"Credit card",559,,28,6
"834-83-1826","B","Mandalay","Member","Female","Home and lifestyle",82,5,21,431,"Credit card",410,,21,8
"343-61-3544","B","Mandalay","Member","Male","Sports and travel",27,10,13,280,"Cash",267,,13,9
"355-34-6244","B","Mandalay","Normal","Male","Food and beverages",72,2,7,152,"Credit card",145,,7,8
"339-96-8318","B","Mandalay","Member","Male","Fashion accessories",81,7,28,598,"Ewallet",569,,28,6
"458-61-0011","B","Mandalay","Normal","Male","Food and beverages",60,4,12,253,"Cash",241,,12,6
"207-73-1363","B","Mandalay","Normal","Male","Health and beauty",70,2,7,146,"Ewallet",139,,7,8
"359-90-3665","B","Mandalay","Member","Female","Fashion accessories",18,4,4,76,"Credit card",72,,4,10
"375-72-3056","B","Mandalay","Normal","Male","Sports and travel",63,3,9,199,"Ewallet",189,,9,7
"585-11-6748","B","Mandalay","Member","Male","Sports and travel",97,3,15,305,"Cash",290,,15,5
"470-31-3286","B","Mandalay","Normal","Male","Health and beauty",15,3,2,47,"Credit card",44,,2,9
"642-30-6693","B","Mandalay","Normal","Female","Sports and travel",55,6,16,343,"Ewallet",327,,16,8
"830-58-2383","B","Mandalay","Normal","Male","Home and lifestyle",32,4,6,133,"Cash",127,,6,9
"349-97-8902","B","Mandalay","Member","Male","Food and beverages",58,2,6,122,"Ewallet",116,,6,9
"789-23-8625","B","Mandalay","Member","Male","Fashion accessories",93,3,14,294,"Cash",280,,14,7
"327-40-9673","B","Mandalay","Member","Male","Sports and travel",73,6,22,457,"Cash",436,,22,7
"670-79-6321","B","Mandalay","Member","Female","Home and lifestyle",95,7,33,695,"Credit card",662,,33,5
"852-62-7105","B","Mandalay","Normal","Female","Fashion accessories",83,10,42,874,"Credit card",833,,42,4
"598-06-7312","B","Mandalay","Member","Male","Fashion accessories",91,1,5,96,"Cash",91,,5,7
"135-13-8269","B","Mandalay","Member","Female","Food and beverages",79,2,8,166,"Cash",158,,8,9
"628-90-8624","B","Mandalay","Member","Male","Health and beauty",83,10,41,867,"Cash",826,,41,5
"420-04-7590","B","Mandalay","Normal","Male","Home and lifestyle",100,3,15,314,"Ewallet",299,,15,5
"182-88-2763","B","Mandalay","Member","Male","Food and beverages",80,3,12,252,"Credit card",240,,12,5
"188-55-0967","B","Mandalay","Member","Male","Health and beauty",66,10,33,698,"Credit card",665,,33,5
"364-33-8584","B","Mandalay","Member","Female","Food and beverages",18,5,4,93,"Cash",88,,4,9
"665-63-9737","B","Mandalay","Normal","Male","Fashion accessories",52,3,8,165,"Ewallet",157,,8,8
"695-09-5146","B","Mandalay","Member","Female","Food and beverages",99,3,15,311,"Ewallet",296,,15,6
"794-32-2436","B","Mandalay","Member","Male","Electronic accessories",56,2,6,117,"Ewallet",111,,6,6
"574-31-8277","B","Mandalay","Member","Male","Fashion accessories",34,1,2,35,"Cash",34,,2,6
"369-82-2676","B","Mandalay","Normal","Male","Electronic accessories",76,5,19,397,"Ewallet",378,,19,8
"563-47-4072","B","Mandalay","Normal","Female","Health and beauty",56,6,17,352,"Cash",335,,17,10
"149-15-7606","B","Mandalay","Member","Male","Sports and travel",37,9,17,353,"Ewallet",336,,17,5
"133-77-3154","B","Mandalay","Member","Male","Fashion accessories",60,4,12,253,"Credit card",241,,12,9
"322-02-2271","B","Mandalay","Normal","Female","Sports and travel",43,3,6,135,"Cash",129,,6,9
"725-67-2480","B","Mandalay","Member","Female","Fashion accessories",59,6,18,370,"Credit card",353,,18,6
"779-42-2410","B","Mandalay","Member","Male","Food and beverages",58,3,9,182,"Ewallet",173,,9,8
"190-14-3147","B","Mandalay","Normal","Female","Health and beauty",18,4,4,75,"Ewallet",72,,4,6
"679-22-6530","B","Mandalay","Normal","Female","Sports and travel",41,2,4,85,"Credit card",81,,4,4
"642-61-4706","B","Mandalay","Member","Male","Food and beverages",93,2,9,196,"Cash",187,,9,6
"576-31-4774","B","Mandalay","Normal","Female","Health and beauty",73,3,11,231,"Ewallet",220,,11,4
"242-11-3142","B","Mandalay","Member","Male","Fashion accessories",84,2,8,176,"Cash",168,,8,5
"752-23-3760","B","Mandalay","Member","Female","Sports and travel",64,7,22,471,"Credit card",449,,22,7
"528-87-5606","B","Mandalay","Member","Female","Electronic accessories",39,1,2,41,"Cash",39,,2,7
"320-85-2052","B","Mandalay","Normal","Female","Sports and travel",35,1,2,37,"Credit card",35,,2,7
"510-79-0415","B","Mandalay","Member","Female","Sports and travel",23,6,7,145,"Ewallet",138,,7,5
"241-96-5076","B","Mandalay","Member","Female","Home and lifestyle",49,2,5,103,"Credit card",98,,5,6
"767-97-4650","B","Mandalay","Member","Female","Sports and travel",65,2,6,136,"Credit card",130,,6,8
"826-58-8051","B","Mandalay","Normal","Male","Home and lifestyle",62,4,12,261,"Ewallet",249,,12,4
"176-64-7711","B","Mandalay","Normal","Male","Food and beverages",32,3,5,102,"Credit card",97,,5,4
"191-29-0321","B","Mandalay","Member","Female","Fashion accessories",20,10,10,208,"Credit card",198,,10,5
"729-06-2010","B","Mandalay","Member","Male","Health and beauty",80,9,36,760,"Cash",724,,36,9
"640-48-5028","B","Mandalay","Member","Female","Home and lifestyle",88,9,40,835,"Cash",796,,40,6
"186-79-9562","B","Mandalay","Normal","Male","Health and beauty",72,7,25,528,"Cash",502,,25,9
"834-45-5519","B","Mandalay","Normal","Female","Electronic accessories",43,4,9,181,"Ewallet",172,,9,8
"821-14-9046","B","Mandalay","Member","Female","Fashion accessories",17,6,5,110,"Credit card",105,,5,6
"418-05-0656","B","Mandalay","Normal","Female","Fashion accessories",26,7,9,188,"Cash",179,,9,7
"776-68-1096","B","Mandalay","Normal","Male","Home and lifestyle",44,3,7,139,"Credit card",132,,7,8
"434-35-9162","B","Mandalay","Member","Male","Food and beverages",23,4,5,98,"Ewallet",93,,5,7
"174-64-0215","B","Mandalay","Normal","Male","Sports and travel",70,10,35,732,"Credit card",697,,35,9
"299-29-0180","B","Mandalay","Member","Female","Home and lifestyle",52,7,18,384,"Cash",365,,18,9
"438-23-1242","B","Mandalay","Normal","Male","Electronic accessories",76,7,27,558,"Ewallet",531,,27,9
"238-45-6950","B","Mandalay","Member","Male","Food and beverages",54,1,3,56,"Ewallet",54,,3,6
"197-77-7132","B","Mandalay","Member","Male","Electronic accessories",92,8,37,769,"Ewallet",732,,37,6
"457-13-1708","B","Mandalay","Member","Male","Fashion accessories",65,10,33,685,"Credit card",652,,33,5
"487-79-6868","B","Mandalay","Member","Female","Home and lifestyle",12,9,6,116,"Credit card",111,,6,8
"210-30-7976","B","Mandalay","Member","Female","Fashion accessories",22,4,4,94,"Ewallet",89,,4,4
"775-72-1988","B","Mandalay","Normal","Male","Home and lifestyle",73,5,18,385,"Ewallet",366,,18,8
"785-96-0615","B","Mandalay","Member","Female","Electronic accessories",36,8,14,300,"Ewallet",286,,14,5
"842-40-8179","B","Mandalay","Member","Female","Food and beverages",77,10,39,811,"Credit card",772,,39,6
"525-09-8450","B","Mandalay","Normal","Male","Electronic accessories",72,10,36,757,"Credit card",721,,36,4
"593-14-4239","B","Mandalay","Normal","Female","Home and lifestyle",95,8,38,802,"Ewallet",764,,38,5
"388-76-2555","B","Mandalay","Normal","Male","Sports and travel",14,6,4,86,"Cash",82,,4,6
"711-31-1234","B","Mandalay","Normal","Female","Electronic accessories",96,4,19,402,"Cash",383,,19,8
"707-32-7409","B","Mandalay","Member","Female","Sports and travel",96,4,19,401,"Ewallet",382,,19,5
"120-54-2248","B","Mandalay","Normal","Female","Food and beverages",29,5,7,152,"Credit card",144,,7,8
"875-31-8302","B","Mandalay","Normal","Male","Sports and travel",93,1,5,98,"Cash",93,,5,10
"457-94-0464","B","Mandalay","Member","Male","Electronic accessories",88,9,40,830,"Ewallet",791,,40,6
"744-16-7898","B","Mandalay","Normal","Female","Home and lifestyle",97,10,49,1022,"Credit card",974,,49,5
"605-83-1050","B","Mandalay","Normal","Male","Fashion accessories",27,2,3,57,"Ewallet",54,,3,4
"359-94-5395","B","Mandalay","Normal","Male","Health and beauty",93,1,5,97,"Credit card",93,,5,10
"751-15-6198","B","Mandalay","Normal","Male","Sports and travel",23,6,7,145,"Ewallet",138,,7,8
"831-81-6575","B","Mandalay","Member","Female","Electronic accessories",76,9,34,714,"Cash",680,,34,8
"559-61-5987","B","Mandalay","Normal","Female","Health and beauty",18,1,1,19,"Cash",18,,1,9
"565-91-4567","B","Mandalay","Normal","Male","Health and beauty",11,8,4,90,"Ewallet",86,,4,6
"499-27-7781","B","Mandalay","Normal","Female","Food and beverages",53,8,21,447,"Ewallet",426,,21,5
"869-11-3082","B","Mandalay","Member","Male","Health and beauty",96,4,19,404,"Credit card",385,,19,8
"190-59-3964","B","Mandalay","Member","Male","Food and beverages",47,5,12,248,"Credit card",236,,12,6
"366-43-6862","B","Mandalay","Normal","Male","Electronic accessories",53,4,11,222,"Ewallet",212,,11,7
"109-86-4363","B","Mandalay","Member","Female","Sports and travel",60,7,21,442,"Credit card",421,,21,5
"222-42-0244","B","Mandalay","Member","Female","Health and beauty",72,9,32,681,"Credit card",649,,32,8
"636-17-0325","B","Mandalay","Normal","Male","Health and beauty",63,4,13,263,"Cash",250,,13,10
"343-75-9322","B","Mandalay","Member","Female","Sports and travel",12,8,5,100,"Cash",95,,5,4
"427-45-9297","B","Mandalay","Member","Female","Home and lifestyle",41,7,14,299,"Ewallet",285,,14,5
"670-71-7306","B","Mandalay","Normal","Male","Sports and travel",45,6,13,281,"Credit card",268,,13,5
"291-59-1384","B","Mandalay","Normal","Male","Electronic accessories",60,1,3,63,"Cash",60,,3,6
"866-70-2814","B","Mandalay","Normal","Female","Electronic accessories",53,10,26,554,"Ewallet",528,,26,10
"895-03-6665","B","Mandalay","Normal","Female","Fashion accessories",37,9,16,345,"Cash",329,,16,4
"770-42-8960","B","Mandalay","Normal","Male","Food and beverages",21,8,8,177,"Cash",169,,8,6
"234-36-2483","B","Mandalay","Normal","Male","Health and beauty",58,6,17,363,"Cash",346,,17,5
"152-03-4217","B","Mandalay","Normal","Female","Home and lifestyle",11,9,5,107,"Credit card",102,,5,4
"533-66-5566","B","Mandalay","Normal","Female","Home and lifestyle",51,7,18,375,"Cash",357,,18,7
"361-59-0574","B","Mandalay","Member","Male","Sports and travel",91,8,36,760,"Credit card",724,,36,7
"544-55-9589","B","Mandalay","Member","Female","Electronic accessories",21,10,11,225,"Cash",214,,11,6
"608-05-3804","B","Mandalay","Member","Male","Electronic accessories",40,1,2,42,"Cash",40,,2,6
"761-49-0439","B","Mandalay","Member","Female","Electronic accessories",12,8,5,102,"Ewallet",97,,5,9
"490-95-0021","B","Mandalay","Member","Female","Food and beverages",33,10,17,349,"Ewallet",332,,17,6
"311-13-6971","B","Mandalay","Member","Male","Sports and travel",32,10,16,336,"Credit card",320,,16,10
"114-35-5271","B","Mandalay","Normal","Female","Electronic accessories",58,8,23,486,"Cash",463,,23,8
"715-20-1673","B","Mandalay","Normal","Male","Electronic accessories",28,5,7,149,"Cash",142,,7,9
"811-35-1094","B","Mandalay","Member","Male","Electronic accessories",50,6,15,318,"Credit card",303,,15,9
"699-88-1972","B","Mandalay","Normal","Male","Health and beauty",99,8,40,833,"Credit card",793,,40,4
"509-10-0516","B","Mandalay","Normal","Male","Home and lifestyle",46,4,9,193,"Ewallet",184,,9,5
"851-98-3555","B","Mandalay","Normal","Female","Health and beauty",83,5,21,435,"Credit card",414,,21,7
"624-01-8356","B","Mandalay","Normal","Female","Home and lifestyle",49,10,25,515,"Credit card",490,,25,4
"313-66-9943","B","Mandalay","Member","Female","Food and beverages",29,3,4,92,"Credit card",87,,4,7
"777-67-2495","B","Mandalay","Normal","Male","Home and lifestyle",69,3,10,217,"Ewallet",207,,10,9
"636-98-3364","B","Mandalay","Member","Female","Electronic accessories",26,3,4,83,"Ewallet",79,,4,6
"181-82-6255","B","Mandalay","Normal","Female","Home and lifestyle",16,6,5,103,"Cash",98,,5,7
"226-34-0034","B","Mandalay","Normal","Female","Electronic accessories",14,4,3,58,"Ewallet",55,,3,9
"321-49-7382","B","Mandalay","Member","Male","Sports and travel",88,1,4,93,"Credit card",88,,4,5
"431-66-2305","B","Mandalay","Normal","Female","Electronic accessories",88,9,40,834,"Credit card",794,,40,8
"825-94-5922","B","Mandalay","Normal","Male","Sports and travel",25,2,3,53,"Ewallet",51,,3,7
"641-62-7288","B","Mandalay","Normal","Male","Home and lifestyle",100,6,30,629,"Ewallet",600,,30,7
"501-61-1753","B","Mandalay","Normal","Female","Home and lifestyle",63,6,19,398,"Ewallet",379,,19,10
"676-10-2200","B","Mandalay","Member","Male","Fashion accessories",54,1,3,56,"Ewallet",54,,3,5
"365-16-4334","B","Mandalay","Normal","Female","Food and beverages",26,8,11,222,"Ewallet",211,,11,9
"503-21-4385","B","Mandalay","Member","Male","Health and beauty",40,3,6,126,"Ewallet",120,,6,9
"305-89-2768","B","Mandalay","Member","Female","Home and lifestyle",22,3,3,69,"Ewallet",66,,3,5
"574-80-1489","B","Mandalay","Member","Female","Food and beverages",63,4,13,264,"Ewallet",251,,13,9
"200-40-6154","B","Mandalay","Member","Male","Home and lifestyle",66,6,20,415,"Cash",395,,20,6
"430-02-3888","B","Mandalay","Normal","Male","Electronic accessories",46,6,14,290,"Cash",276,,14,7
"794-42-3736","B","Mandalay","Normal","Male","Food and beverages",33,2,3,70,"Credit card",67,,3,6
"172-42-8274","B","Mandalay","Normal","Female","Electronic accessories",38,2,4,80,"Credit card",77,,4,6
"214-30-2776","B","Mandalay","Member","Female","Electronic accessories",34,5,9,181,"Credit card",172,,9,9
"746-04-1077","B","Mandalay","Member","Female","Food and beverages",85,10,42,889,"Credit card",846,,42,9
"448-34-8700","B","Mandalay","Member","Male","Home and lifestyle",37,7,13,271,"Ewallet",258,,13,7
"452-04-8808","B","Mandalay","Normal","Male","Electronic accessories",87,7,30,640,"Cash",610,,30,6
"883-69-1285","B","Mandalay","Member","Male","Fashion accessories",50,2,5,105,"Credit card",100,,5,7
"518-71-6847","B","Mandalay","Member","Male","Food and beverages",27,6,8,168,"Ewallet",160,,8,5
"156-20-0370","B","Mandalay","Normal","Female","Electronic accessories",25,1,1,27,"Credit card",25,,1,5
"151-33-7434","B","Mandalay","Normal","Female","Food and beverages",68,1,3,71,"Credit card",68,,3,7
"374-38-5555","B","Mandalay","Normal","Female","Fashion accessories",64,5,16,334,"Ewallet",319,,16,9
"764-44-8999","B","Mandalay","Normal","Female","Health and beauty",15,2,1,31,"Ewallet",30,,1,4
"552-44-5977","B","Mandalay","Member","Male","Health and beauty",62,8,25,521,"Credit card",496,,25,6
"430-53-4718","B","Mandalay","Member","Male","Health and beauty",75,8,30,633,"Credit card",603,,30,8
"602-16-6955","B","Mandalay","Normal","Female","Sports and travel",77,10,38,804,"Ewallet",766,,38,6
"690-01-6631","B","Mandalay","Normal","Male","Fashion accessories",17,10,9,184,"Ewallet",175,,9,7
"303-96-2227","B","Mandalay","Normal","Female","Home and lifestyle",97,10,49,1022,"Ewallet",974,,49,4
"692-92-5582","B","Mandalay","Member","Female","Food and beverages",55,3,8,173,"Credit card",165,,8,6
"351-62-0822","B","Mandalay","Member","Female","Fashion accessories",55,4,3,61,"Ewallet",58,,3,5
"529-56-3974","B","Mandalay","Member","M","Electronic accessories",26,4,5,107,"Cash",102,,5,7
"299-46-1805","B","Mandalay","Member","Female","Sports and travel",71,6,28,590,"Ca$h",562,,28,5
"319-50-3348","B","Mandalay","Normal","Female","Home and lifestyle",40,2,4,85,"Ewallet",81,,4,4
"371-85-5789","B","Mandalay","Normal","Male","Health and beauty",88,3,13,277,"Ewallet",264,,13,5
"273-16-6619","B","Mandalay","Normal","Male","Home and lifestyle",33,2,3,70,"Credit card",66,,3,4
"649-29-6775","B","Mandalay","Normal","M","Fashion accessories",34,1,2,35,"Ca$h",34,,2,7
"145-94-9061","B","Mandalay","Normal","Female","Food and beverages",88,5,22,464,"Cash",442,,22,10
"871-79-8483","B","Mandalay","Normal","Male","Fashion accessories",94,5,24,494,"Credit card",471,,24,5
"640-49-2076","B","Mandalay","Normal","Male","Sports and travel",84,8,34,704,"Cash",670,,34,5
"777-82-7220","B","Mandalay","Member","Male","Home and lifestyle",30,8,12,253,"Cash",241,,12,8
"280-35-5823","B","Mandalay","Member","Female","Home and lifestyle",87,1,4,91,"Ewallet",87,,4,8
"354-25-5821","B","Mandalay","Member","Female","Sports and travel",69,6,21,435,"Cash",415,,21,6
"132-32-9879","B","Mandalay","Member","Female","Electronic accessories",94,4,19,395,"Cash",376,,19,10
"370-41-7321","B","Mandalay","Member","Male","Health and beauty",57,9,26,536,"Credit card",510,,26,8
"727-46-3608","B","Mandalay","Member","Female","Food and beverages",20,9,9,189,"Ewallet",180,,9,4
"669-54-1719","B","Mandalay","Member","Male","Electronic accessories",19,6,6,119,"Credit card",114,,6,8
"616-24-2851","B","Mandalay","Member","Female","Fashion accessories",18,4,4,75,"Ewallet",71,,4,7
"242-55-6721","B","Mandalay","Normal","Male","Home and lifestyle",16,2,2,34,"Ewallet",32,,2,7
"347-34-2234","B","Mandalay","Member","F","Sports and travel",55,9,25,520,"Ewallet",496,,25,10
"853-23-2453","B","Mandalay","Member","Male","Health and beauty",76,4,15,318,"Cash",303,,15,8
"109-28-2512","B","Mandalay","Member","Female","Fashion accessories",98,6,29,615,"Ewallet",586,,29,10
"510-95-6347","B","Mandalay","Member","Female","Food and beverages",49,3,7,153,"Ewallet",146,,7,4
"847-38-7188","B","Mandalay","Normal","Female","Food and beverages",97,3,15,305,"Ewallet",290,,15,6
"318-68-5053","B","Mandalay","Normal","Female","Health and beauty",77,6,23,485,"Cash",462,,23,6
"152-08-9985","B","Mandalay","Member","Male","Health and beauty",64,9,29,608,"Credit card",579,,29,9
"766-85-7061","B","Mandalay","Normal","Male","Health and beauty",88,10,44,923,"Ewallet",879,,44,5
"733-01-9107","B","Mandalay","Normal","Male","Home and lifestyle",36,6,25,521,"Cash",496,,25,7
"716-39-1409","B","Mandalay","Normal","Male","Health and beauty",30,7,11,223,"Cash",212,,11,8
"479-26-8945","B","Mandalay","Member","Female","Sports and travel",16,2,2,35,"Ewallet",33,,2,5
"227-78-1148","B","Mandalay","Normal","Female","Fashion accessories",73,7,25,535,"Cash",510,,25,8
"291-32-1427","B","Mandalay","Member","Male","Fashion accessories",22,5,5,115,"Ewallet",110,,5,5
"659-65-8956","B","Mandalay","Member","Male","Fashion accessories",51,1,3,54,"Ewallet",51,,3,5
"378-24-2715","B","Mandalay","Normal","Male","Home and lifestyle",53,2,5,112,"Ewallet",107,,5,4
"219-22-9386","B","Mandalay","Member","Male","Sports and travel",100,9,45,945,"Credit card",900,,45,4
"268-27-6179","B","Mandalay","Member","Female","Fashion accessories",56,8,23,474,"Ewallet",452,,23,7
"549-84-7482","B","Mandalay","Normal","Female","Sports and travel",90,9,41,853,"Ewallet",813,,41,7
"191-10-6171","B","Mandalay","Normal","Female","Fashion accessories",40,7,14,291,"Cash",277,,14,8
"695-51-0018","B","Mandalay","Normal","Female","Sports and travel",35,4,7,146,"Cash",139,,7,7
"590-83-4591","B","Mandalay","Member","Male","Electronic accessories",87,6,26,551,"Credit card",525,,26,9
"241-72-9525","B","Mandalay","Normal","Male","Sports and travel",52,10,26,545,"Cash",519,,26,8
"262-47-2794","B","Mandalay","Member","Male","Home and lifestyle",72,8,29,604,"Credit card",575,,29,6
"608-96-3517","B","Mandalay","Member","Female","Fashion accessories",92,4,18,384,"Credit card",366,,18,5
"279-74-2924","B","Mandalay","Member","Male","Electronic accessories",72,1,4,76,"Cash",72,,4,6
"307-85-2293","B","Mandalay","Normal","Male","Home and lifestyle",50,5,13,264,"Ewallet",251,,13,10
"743-04-1105","B","Mandalay","Member","Male","Health and beauty",97,9,44,919,"Ewallet",875,,44,6
"423-57-2993","B","Mandalay","Normal","Male","Sports and travel",93,6,28,588,"Ewallet",560,,28,10
"548-46-9322","B","Mandalay","Normal","Male","Food and beverages",40,10,20,419,"Credit card",399,,20,6
"505-02-0892","B","Mandalay","Member","Male","Health and beauty",43,8,17,358,"Ewallet",341,,17,6
"316-55-4634","B","Mandalay","Member","Male","Food and beverages",80,5,20,420,"Credit card",400,,20,9
"608-27-6295","B","Mandalay","Member","Male","Electronic accessories",53,6,16,333,"Credit card",317,,16,10
"414-12-7047","B","Mandalay","Normal","Male","Food and beverages",20,8,8,166,"Ewallet",158,,8,9
"895-66-0685","B","Mandalay","Member","Male","Food and beverages",18,3,3,57,"Ewallet",54,,3,8
"305-14-0245","B","Mandalay","Member","Female","Home and lifestyle",94,8,38,794,"Ewallet",756,,38,8
"732-04-5373","B","Mandalay","Member","Male","Home and lifestyle",46,4,9,195,"Cash",186,,9,7
"284-34-9626","B","Mandalay","Normal","Female","Home and lifestyle",77,3,12,243,"Credit card",231,,12,7
"437-58-8131","B","Mandalay","Normal","Female","Fashion accessories",74,2,7,154,"Ewallet",147,,7,5
"641-43-2399","B","Mandalay","Normal","Male","Home and lifestyle",26,4,5,107,"Ewallet",102,,5,6
"542-41-0513","B","Mandalay","Member","Female","Electronic accessories",57,4,11,241,"Cash",230,,11,7
"875-46-5808","B","Mandalay","Member","Male","Health and beauty",26,10,13,272,"Ewallet",259,,13,9
"394-43-4238","B","Mandalay","Member","Male","Home and lifestyle",18,5,4,93,"Credit card",89,,4,5
"573-58-9734","B","Mandalay","Normal","Female","Fashion accessories",30,3,5,96,"Ewallet",91,,5,5
"817-69-8206","B","Mandalay","Normal","Female","Electronic accessories",100,9,45,942,"Credit card",898,,45,7
"142-63-6033","B","Mandalay","Normal","Male","Home and lifestyle",92,5,23,485,"Ewallet",462,,23,5
"656-16-1063","B","Mandalay","Normal","Male","Sports and travel",46,3,7,146,"Credit card",139,,7,4
"891-58-8335","B","Mandalay","Member","Female","Sports and travel",30,7,10,218,"Cash",207,,10,7
"560-30-5617","B","Mandalay","Normal","Female","Sports and travel",25,5,6,130,"Cash",124,,6,9
"549-03-9315","B","Mandalay","Normal","Male","Fashion accessories",95,8,38,797,"Ewallet",759,,38,9
"790-29-1172","B","Mandalay","Normal","Female","Food and beverages",57,3,9,181,"Credit card",172,,9,8
"239-36-3640","B","Mandalay","Normal","Male","Electronic accessories",45,6,14,286,"Ewallet",272,,14,6
"468-01-2051","B","Mandalay","Normal","Male","Food and beverages",62,7,22,456,"Ewallet",435,,22,5
"836-82-5858","B","Mandalay","Member","Male","Health and beauty",69,9,31,656,"Ewallet",624,,31,4
"466-61-5506","B","Mandalay","Member","Female","Electronic accessories",91,6,27,571,"Cash",544,,27,5
"289-65-5721","B","Mandalay","Normal","Female","Fashion accessories",81,2,8,171,"Cash",163,,8,7
"545-46-3100","B","Mandalay","Member","Female","Electronic accessories",11,3,2,33,"Credit card",32,,2,9
"418-02-5978","B","Mandalay","Normal","Female","Health and beauty",84,9,38,795,"Cash",757,,38,8
"269-04-5750","B","Mandalay","Member","Male","Fashion accessories",74,4,15,310,"Cash",295,,15,7
"346-84-3103","B","Mandalay","Member","Female","Electronic accessories",13,5,3,69,"Cash",66,,3,4
"376-02-8238","B","Mandalay","Normal","Male","Home and lifestyle",94,8,38,789,"Credit card",751,,38,8
"866-05-7563","B","Mandalay","Member","Female","Electronic accessories",81,3,12,256,"Cash",244,,12,5
"785-13-7708","B","Mandalay","Normal","Male","Food and beverages",73,7,26,537,"Credit card",511,,26,4
"845-51-0542","B","Mandalay","Member","Male","Food and beverages",47,9,21,440,"Ewallet",419,,21,6
"110-48-7033","B","Mandalay","Member","Male","Fashion accessories",33,4,7,137,"Cash",130,,7,9
"655-85-5130","B","Mandalay","Member","Female","Fashion accessories",38,4,8,161,"Cash",153,,8,6
"154-74-7179","B","Mandalay","Normal","Male","Sports and travel",54,1,3,57,"Ewallet",54,,3,8
"571-94-0759","B","Mandalay","Member","Female","Food and beverages",75,10,37,783,"Cash",746,,37,10
"783-09-1637","B","Mandalay","Normal","Female","Sports and travel",67,5,17,354,"Ewallet",337,,17,6
"477-24-6490","B","Mandalay","Normal","Female","Health and beauty",100,6,30,628,"Ewallet",598,,30,8
"566-19-5475","B","Mandalay","Normal","Male","Fashion accessories",51,7,17,353,"Cash",336,,17,6
"498-41-1961","B","Mandalay","Normal","Male","Health and beauty",67,5,17,350,"Cash",333,,17,8
"283-79-9594","B","Mandalay","Normal","Female","Food and beverages",49,7,17,357,"Credit card",340,,17,5
"139-20-0155","B","Mandalay","Member","Male","Electronic accessories",40,10,20,423,"Credit card",403,,20,7
"585-03-5943","B","Mandalay","Normal","Male","Health and beauty",18,10,9,190,"Ewallet",181,,9,6
"573-10-3877","B","Mandalay","Member","Male","Health and beauty",39,1,2,41,"Credit card",39,,2,5
"396-90-2219","B","Mandalay","Normal","Female","Electronic accessories",15,8,6,126,"Cash",120,,6,9
"532-59-7201","B","Mandalay","Member","Male","Sports and travel",80,6,24,504,"Cash",480,,24,6
"276-54-0879","B","Mandalay","Normal","Male","Sports and travel",98,4,20,411,"Ewallet",391,,20,6
"730-61-8757","B","Mandalay","Member","Male","Health and beauty",51,4,10,215,"Credit card",205,,10,4
"868-81-1752","B","Mandalay","Normal","Male","Home and lifestyle",22,9,10,208,"Cash",198,,10,7
"692-27-8933","B","Mandalay","Normal","Female","Sports and travel",58,6,17,365,"Cash",348,,17,5
"374-17-3652","B","Mandalay","Member","Female","Food and beverages",43,9,19,405,"Credit card",385,,19,9
"378-07-7001","B","Mandalay","Member","Male","Electronic accessories",48,3,7,151,"Credit card",144,,7,8
"433-75-6987","B","Mandalay","Member","Female","Health and beauty",56,7,20,411,"Ewallet",392,,20,9
"873-95-4984","B","Mandalay","Member","Female","Health and beauty",77,7,27,565,"Cash",538,,27,8
"400-45-1220","B","Mandalay","Normal","Female","Health and beauty",14,10,7,142,"Credit card",135,,7,5
"115-99-4379","B","Mandalay","Member","Female","Fashion accessories",55,7,19,402,"Credit card",383,,19,9
"889-04-9723","B","Mandalay","Member","Female","Food and beverages",89,4,18,374,"Credit card",357,,18,8
"453-63-6187","B","Mandalay","Normal","Male","Electronic accessories",28,3,4,87,"Ewallet",83,,4,7
"578-80-7669","B","Mandalay","Normal","Male","Sports and travel",75,1,4,79,"Cash",75,,4,6
"201-86-2184","B","Mandalay","Member","Female","Electronic accessories",26,7,9,193,"Cash",184,,9,10
"261-12-8671","B","Mandalay","Normal","Female","Fashion accessories",61,2,6,128,"Credit card",122,,6,5
"843-01-4703","B","Mandalay","Member","Female","Home and lifestyle",35,9,16,334,"Credit card",318,,16,10
"182-69-8360","B","Mandalay","Normal","Female","Electronic accessories",24,4,5,99,"Credit card",95,,5,4
"868-52-7573","B","Mandalay","Normal","Female","Food and beverages",100,5,25,523,"Cash",498,,25,10
"525-88-7307","B","Mandalay","Member","Male","Sports and travel",76,1,4,80,"Cash",76,,4,6
"596-42-3999","B","Mandalay","Normal","Male","Food and beverages",18,7,6,134,"Credit card",128,,6,7
"173-82-9529","B","Mandalay","Normal","Female","Fashion accessories",38,10,19,398,"Cash",380,,19,10
"760-54-1821","B","Mandalay","Normal","Male","Home and lifestyle",14,9,6,128,"Cash",122,,6,6
"793-10-3222","B","Mandalay","Member","Female","Health and beauty",41,6,12,259,"Credit card",246,,12,8
"346-12-3257","B","Mandalay","Member","Male","Electronic accessories",19,9,9,182,"Cash",173,,9,8
"831-64-0259","B","Mandalay","Normal","Female","Fashion accessories",40,5,10,209,"Ewallet",199,,10,10
"725-32-9708","B","Mandalay","Member","Female","Fashion accessories",69,4,14,289,"Cash",275,,14,4
"244-08-0162","B","Mandalay","Normal","Female","Health and beauty",34,10,17,359,"Cash",342,,17,5
"569-71-4390","B","Mandalay","Normal","Male","Sports and travel",22,2,2,46,"Ewallet",44,,2,7
"268-03-6164","B","Mandalay","Normal","Male","Health and beauty",96,1,5,101,"Ewallet",96,,5,8
"848-07-1692","B","Mandalay","Normal","Female","Health and beauty",57,2,6,120,"Ewallet",114,,6,8
"301-81-8610","B","Mandalay","Member","Male","Fashion accessories",25,8,10,214,"Credit card",203,,10,7
"198-84-7132","B","Mandalay","Member","Male","Fashion accessories",41,9,18,384,"Cash",365,,18,7
"650-98-6268","B","Mandalay","Member","Female","Food and beverages",21,3,3,66,"Credit card",63,,3,8
"741-73-3559","B","Mandalay","Normal","Male","Sports and travel",67,5,17,353,"Cash",336,,17,7
"286-75-7818","B","Mandalay","Normal","Male","Fashion accessories",69,2,7,145,"Credit card",138,,7,7
"616-87-0016","B","Mandalay","Normal","Male","Fashion accessories",96,7,33,702,"Credit card",669,,33,10
"837-55-7229","B","Mandalay","Normal","Female","Fashion accessories",47,1,2,50,"Credit card",47,,2,7
"394-30-3170","B","Mandalay","Member","Female","Sports and travel",88,8,35,743,"Credit card",707,,35,4
"390-80-5128","B","Mandalay","Member","Female","Health and beauty",19,1,1,20,"Credit card",19,,1,10
"296-11-7041","B","Mandalay","Member","Female","Health and beauty",27,1,1,28,"Credit card",27,,1,5
"449-27-2918","B","Mandalay","Member","Female","Sports and travel",39,1,2,41,"Credit card",39,,2,10
"891-01-7034","B","Mandalay","Normal","Female","Electronic accessories",75,6,22,471,"Cash",448,,22,7
"744-09-5786","B","Mandalay","Normal","Male","Electronic accessories",22,6,7,139,"Cash",132,,7,8
"767-54-1907","B","Mandalay","Member","Female","Fashion accessories",30,5,7,155,"Cash",148,,7,7
"710-46-4433","B","Mandalay","Member","Female","Food and beverages",77,9,35,731,"Credit card",697,,35,5
"533-33-5337","B","Mandalay","Normal","Male","Electronic accessories",79,10,40,834,"Cash",794,,40,6
"554-53-3790","B","Mandalay","Normal","Male","Sports and travel",37,6,11,233,"Cash",222,,11,5
"731-59-7531","B","Mandalay","Member","Male","Health and beauty",73,8,29,610,"Cash",581,,29,5
"701-69-8742","B","Mandalay","Normal","Male","Sports and travel",34,10,17,361,"Ewallet",344,,17,7
"305-18-3552","B","Mandalay","Member","Male","Home and lifestyle",60,10,30,634,"Cash",604,,30,6
"438-01-4015","B","Mandalay","Member","Female","Sports and travel",49,4,10,208,"Ewallet",198,,10,7
"709-58-4068","B","Mandalay","Normal","Female","Fashion accessories",41,10,21,431,"Cash",411,,21,7
"627-95-3243","B","Mandalay","Member","Female","Home and lifestyle",78,9,35,734,"Ewallet",699,,35,10
"686-41-0932","B","Mandalay","Normal","Female","Fashion accessories",35,2,3,73,"Ewallet",69,,3,8
"608-04-3797","B","Mandalay","Member","Female","Health and beauty",25,8,10,213,"Ewallet",203,,10,9
"437-53-3084","B","Mandalay","Normal","Male","Fashion accessories",100,2,10,210,"Ewallet",200,,10,7
"632-32-4574","B","Mandalay","Normal","Male","Sports and travel",76,8,30,638,"Cash",607,,30,6
"401-18-8016","B","Mandalay","Member","Female","Sports and travel",98,1,5,103,"Cash",98,,5,9
"277-63-2961","B","Mandalay","Member","Male","Sports and travel",74,1,4,78,"Credit card",74,,4,5
"282-35-2475","B","Mandalay","Normal","Female","Sports and travel",93,2,9,196,"Cash",187,,9,6
"511-54-3087","B","Mandalay","Normal","Male","Sports and travel",88,1,4,93,"Credit card",88,,4,10
"387-49-4215","B","Mandalay","Member","Female","Sports and travel",49,3,7,153,"Cash",146,,7,7
"862-17-9201","B","Mandalay","Normal","Female","Food and beverages",84,6,25,530,"Credit card",504,,25,8
"291-21-5991","B","Mandalay","Member","Male","Health and beauty",61,5,15,322,"Cash",306,,15,7
"347-72-6115","B","Mandalay","Member","Female","Sports and travel",91,7,32,667,"Credit card",635,,32,6
"425-85-2085","B","Mandalay","Member","Male","Health and beauty",55,5,14,288,"Ewallet",274,,14,10
"734-91-1155","B","Mandalay","Normal","Female","Electronic accessories",46,3,7,144,"Credit card",137,,7,8
"286-62-6248","B","Mandalay","Normal","Male","Fashion accessories",39,4,8,165,"Credit card",157,,8,9
"339-38-9982","B","Mandalay","Member","Male","Fashion accessories",60,2,6,126,"Ewallet",120,,6,7
"827-44-5872","B","Mandalay","Member","Female","Food and beverages",54,10,27,571,"Credit card",544,,27,6
"857-67-9057","B","Mandalay","Normal","Male","Electronic accessories",23,10,11,241,"Ewallet",230,,11,8
"173-50-1108","B","Mandalay","Member","Female","Sports and travel",20,4,4,85,"Credit card",81,,4,5
"841-18-8232","B","Mandalay","Normal","Female","Food and beverages",71,1,4,75,"Credit card",71,,4,9
"701-23-5550","B","Mandalay","Member","Male","Home and lifestyle",39,4,8,163,"Ewallet",155,,8,5
"539-21-7227","B","Mandalay","Normal","Female","Sports and travel",52,5,13,271,"Cash",258,,13,4
"747-58-7183","B","Mandalay","Normal","Male","Fashion accessories",57,3,9,180,"Ewallet",172,,9,7
"582-52-8065","B","Mandalay","Normal","Female","Fashion accessories",54,9,24,513,"Cash",489,,24,9
"210-57-1719","B","Mandalay","Normal","Female","Health and beauty",58,9,26,550,"Cash",524,,26,10
"356-44-8813","B","Mandalay","Normal","Male","Home and lifestyle",37,3,6,118,"Credit card",112,,6,8
"198-66-9832","B","Mandalay","Member","Female","Fashion accessories",72,2,7,151,"Cash",144,,7,10
"174-75-0888","B","Mandalay","Normal","Male","Electronic accessories",22,9,10,204,"Cash",194,,10,7
"134-54-4720","B","Mandalay","Normal","Female","Electronic accessories",42,8,17,356,"Ewallet",339,,17,6
"514-37-2845","B","Mandalay","Normal","Male","Fashion accessories",99,2,10,208,"Cash",199,,10,9
"241-11-2261","B","Mandalay","Normal","Female","Fashion accessories",80,7,28,587,"Credit card",559,,28,6
"834-83-1826","B","Mandalay","Member","Female","Home and lifestyle",82,5,21,431,"Credit card",410,,21,8
"343-61-3544","B","Mandalay","Member","Male","Sports and travel",27,10,13,280,"Cash",267,,13,9
"355-34-6244","B","Mandalay","Normal","Male","Food and beverages",72,2,7,152,"Credit card",145,,7,8
"339-96-8318","B","Mandalay","Member","Male","Fashion accessories",81,7,28,598,"Ewallet",569,,28,6
"458-61-0011","B","Mandalay","Normal","Male","Food and beverages",60,4,12,253,"Cash",241,,12,6
"207-73-1363","B","Mandalay","Normal","Male","Health and beauty",70,2,7,146,"Ewallet",139,,7,8
"359-90-3665","B","Mandalay","Member","Female","Fashion accessories",18,4,4,76,"Credit card",72,,4,10
"375-72-3056","B","Mandalay","Normal","Male","Sports and travel",63,3,9,199,"Ewallet",189,,9,7
"585-11-6748","B","Mandalay","Member","Male","Sports and travel",97,3,15,305,"Cash",290,,15,5
"470-31-3286","B","Mandalay","Normal","Male","Health and beauty",15,3,2,47,"Credit card",44,,2,9
"642-30-6693","B","Mandalay","Normal","Female","Sports and travel",55,6,16,343,"Ewallet",327,,16,8
"830-58-2383","B","Mandalay","Normal","Male","Home and lifestyle",32,4,6,133,"Cash",127,,6,9
"349-97-8902","B","Mandalay","Member","Male","Food and beverages",58,2,6,122,"Ewallet",116,,6,9
"789-23-8625","B","Mandalay","Member","Male","Fashion accessories",93,3,14,294,"Cash",280,,14,7
"327-40-9673","B","Mandalay","Member","Male","Sports and travel",73,6,22,457,"Cash",436,,22,7
"670-79-6321","B","Mandalay","Member","Female","Home and lifestyle",95,7,33,695,"Credit card",662,,33,5
"852-62-7105","B","Mandalay","Normal","Female","Fashion accessories",83,10,42,874,"Credit card",833,,42,4
"598-06-7312","B","Mandalay","Member","Male","Fashion accessories",91,1,5,96,"Cash",91,,5,7
"135-13-8269","B","Mandalay","Member","Female","Food and beverages",79,2,8,166,"Cash",158,,8,9
"628-90-8624","B","Mandalay","Member","Male","Health and beauty",83,10,41,867,"Cash",826,,41,5
"420-04-7590","B","Mandalay","Normal","Male","Home and lifestyle",100,3,15,314,"Ewallet",299,,15,5
"182-88-2763","B","Mandalay","Member","Male","Food and beverages",80,3,12,252,"Credit card",240,,12,5
"188-55-0967","B","Mandalay","Member","Male","Health and beauty",66,10,33,698,"Credit card",665,,33,5
"364-33-8584","B","Mandalay","Member","Female","Food and beverages",18,5,4,93,"Cash",88,,4,9
"665-63-9737","B","Mandalay","Normal","Male","Fashion accessories",52,3,8,165,"Ewallet",157,,8,8
"695-09-5146","B","Mandalay","Member","Female","Food and beverages",99,3,15,311,"Ewallet",296,,15,6
"794-32-2436","B","Mandalay","Member","Male","Electronic accessories",56,2,6,117,"Ewallet",111,,6,6
"574-31-8277","B","Mandalay","Member","Male","Fashion accessories",34,1,2,35,"Cash",34,,2,6
"369-82-2676","B","Mandalay","Normal","Male","Electronic accessories",76,5,19,397,"Ewallet",378,,19,8
"563-47-4072","B","Mandalay","Normal","Female","Health and beauty",56,6,17,352,"Cash",335,,17,10
"149-15-7606","B","Mandalay","Member","Male","Sports and travel",37,9,17,353,"Ewallet",336,,17,5
"133-77-3154","B","Mandalay","Member","Male","Fashion accessories",60,4,12,253,"Credit card",241,,12,9
"322-02-2271","B","Mandalay","Normal","Female","Sports and travel",43,3,6,135,"Cash",129,,6,9
"725-67-2480","B","Mandalay","Member","Female","Fashion accessories",59,6,18,370,"Credit card",353,,18,6
"779-42-2410","B","Mandalay","Member","Male","Food and beverages",58,3,9,182,"Ewallet",173,,9,8
"190-14-3147","B","Mandalay","Normal","Female","Health and beauty",18,4,4,75,"Ewallet",72,,4,6
"679-22-6530","B","Mandalay","Normal","Female","Sports and travel",41,2,4,85,"Credit card",81,,4,4
"642-61-4706","B","Mandalay","Member","Male","Food and beverages",93,2,9,196,"Cash",187,,9,6
"576-31-4774","B","Mandalay","Normal","Female","Health and beauty",73,3,11,231,"Ewallet",220,,11,4
"242-11-3142","B","Mandalay","Member","Male","Fashion accessories",84,2,8,176,"Cash",168,,8,5
"752-23-3760","B","Mandalay","Member","Female","Sports and travel",64,7,22,471,"Credit card",449,,22,7
"528-87-5606","B","Mandalay","Member","Female","Electronic accessories",39,1,2,41,"Cash",39,,2,7
"320-85-2052","B","Mandalay","Normal","Female","Sports and travel",35,1,2,37,"Credit card",35,,2,7
"510-79-0415","B","Mandalay","Member","Female","Sports and travel",23,6,7,145,"Ewallet",138,,7,5
"241-96-5076","B","Mandalay","Member","Female","Home and lifestyle",49,2,5,103,"Credit card",98,,5,6
"767-97-4650","B","Mandalay","Member","Female","Sports and travel",65,2,6,136,"Credit card",130,,6,8
"826-58-8051","B","Mandalay","Normal","Male","Home and lifestyle",62,4,12,261,"Ewallet",249,,12,4
"176-64-7711","B","Mandalay","Normal","Male","Food and beverages",32,3,5,102,"Credit card",97,,5,4
"191-29-0321","B","Mandalay","Member","Female","Fashion accessories",20,10,10,208,"Credit card",198,,10,5
"729-06-2010","B","Mandalay","Member","Male","Health and beauty",80,9,36,760,"Cash",724,,36,9
"640-48-5028","B","Mandalay","Member","Female","Home and lifestyle",88,9,40,835,"Cash",796,,40,6
"186-79-9562","B","Mandalay","Normal","Male","Health and beauty",72,7,25,528,"Cash",502,,25,9
"834-45-5519","B","Mandalay","Normal","Female","Electronic accessories",43,4,9,181,"Ewallet",172,,9,8
"821-14-9046","B","Mandalay","Member","Female","Fashion accessories",17,6,5,110,"Credit card",105,,5,6
"418-05-0656","B","Mandalay","Normal","Female","Fashion accessories",26,7,9,188,"Cash",179,,9,7
"776-68-1096","B","Mandalay","Normal","Male","Home and lifestyle",44,3,7,139,"Credit card",132,,7,8
"434-35-9162","B","Mandalay","Member","Male","Food and beverages",23,4,5,98,"Ewallet",93,,5,7
"174-64-0215","B","Mandalay","Normal","Male","Sports and travel",70,10,35,732,"Credit card",697,,35,9
"299-29-0180","B","Mandalay","Member","Female","Home and lifestyle",52,7,18,384,"Cash",365,,18,9
"438-23-1242","B","Mandalay","Normal","Male","Electronic accessories",76,7,27,558,"Ewallet",531,,27,9
"238-45-6950","B","Mandalay","Member","Male","Food and beverages",54,1,3,56,"Ewallet",54,,3,6
"197-77-7132","B","Mandalay","Member","Male","Electronic accessories",92,8,37,769,"Ewallet",732,,37,6
"457-13-1708","B","Mandalay","Member","Male","Fashion accessories",65,10,33,685,"Credit card",652,,33,5
"487-79-6868","B","Mandalay","Member","Female","Home and lifestyle",12,9,6,116,"Credit card",111,,6,8
"210-30-7976","B","Mandalay","Member","Female","Fashion accessories",22,4,4,94,"Ewallet",89,,4,4
"775-72-1988","B","Mandalay","Normal","Male","Home and lifestyle",73,5,18,385,"Ewallet",366,,18,8
"785-96-0615","B","Mandalay","Member","Female","Electronic accessories",36,8,14,300,"Ewallet",286,,14,5
"842-40-8179","B","Mandalay","Member","Female","Food and beverages",77,10,39,811,"Credit card",772,,39,6
"525-09-8450","B","Mandalay","Normal","Male","Electronic accessories",72,10,36,757,"Credit card",721,,36,4
"593-14-4239","B","Mandalay","Normal","Female","Home and lifestyle",95,8,38,802,"Ewallet",764,,38,5
"388-76-2555","B","Mandalay","Normal","Male","Sports and travel",14,6,4,86,"Cash",82,,4,6
"711-31-1234","B","Mandalay","Normal","Female","Electronic accessories",96,4,19,402,"Cash",383,,19,8
"707-32-7409","B","Mandalay","Member","Female","Sports and travel",96,4,19,401,"Ewallet",382,,19,5
"120-54-2248","B","Mandalay","Normal","Female","Food and beverages",29,5,7,152,"Credit card",144,,7,8
"875-31-8302","B","Mandalay","Normal","Male","Sports and travel",93,1,5,98,"Cash",93,,5,10
"457-94-0464","B","Mandalay","Member","Male","Electronic accessories",88,9,40,830,"Ewallet",791,,40,6
"744-16-7898","B","Mandalay","Normal","Female","Home and lifestyle",97,10,49,1022,"Credit card",974,,49,5
"605-83-1050","B","Mandalay","Normal","Male","Fashion accessories",27,2,3,57,"Ewallet",54,,3,4
"359-94-5395","B","Mandalay","Normal","Male","Health and beauty",93,1,5,97,"Credit card",93,,5,10
"751-15-6198","B","Mandalay","Normal","Male","Sports and travel",23,6,7,145,"Ewallet",138,,7,8
"831-81-6575","B","Mandalay","Member","Female","Electronic accessories",76,9,34,714,"Cash",680,,34,8
"559-61-5987","B","Mandalay","Normal","Female","Health and beauty",18,1,1,19,"Cash",18,,1,9
"565-91-4567","B","Mandalay","Normal","Male","Health and beauty",11,8,4,90,"Ewallet",86,,4,6
"499-27-7781","B","Mandalay","Normal","Female","Food and beverages",53,8,21,447,"Ewallet",426,,21,5
"869-11-3082","B","Mandalay","Member","Male","Health and beauty",96,4,19,404,"Credit card",385,,19,8
"190-59-3964","B","Mandalay","Member","Male","Food and beverages",47,5,12,248,"Credit card",236,,12,6
"366-43-6862","B","Mandalay","Normal","Male","Electronic accessories",53,4,11,222,"Ewallet",212,,11,7
"109-86-4363","B","Mandalay","Member","Female","Sports and travel",60,7,21,442,"Credit card",421,,21,5
"222-42-0244","B","Mandalay","Member","Female","Health and beauty",72,9,32,681,"Credit card",649,,32,8
"636-17-0325","B","Mandalay","Normal","Male","Health and beauty",63,4,13,263,"Cash",250,,13,10
"343-75-9322","B","Mandalay","Member","Female","Sports and travel",12,8,5,100,"Cash",95,,5,4
"427-45-9297","B","Mandalay","Member","Female","Home and lifestyle",41,7,14,299,"Ewallet",285,,14,5
"670-71-7306","B","Mandalay","Normal","Male","Sports and travel",45,6,13,281,"Credit card",268,,13,5
"291-59-1384","B","Mandalay","Normal","Male","Electronic accessories",60,1,3,63,"Cash",60,,3,6
"866-70-2814","B","Mandalay","Normal","Female","Electronic accessories",53,10,26,554,"Ewallet",528,,26,10
"895-03-6665","B","Mandalay","Normal","Female","Fashion accessories",37,9,16,345,"Cash",329,,16,4
"770-42-8960","B","Mandalay","Normal","Male","Food and beverages",21,8,8,177,"Cash",169,,8,6
"234-36-2483","B","Mandalay","Normal","Male","Health and beauty",58,6,17,363,"Cash",346,,17,5
"152-03-4217","B","Mandalay","Normal","Female","Home and lifestyle",11,9,5,107,"Credit card",102,,5,4
"533-66-5566","B","Mandalay","Normal","Female","Home and lifestyle",51,7,18,375,"Cash",357,,18,7
"361-59-0574","B","Mandalay","Member","Male","Sports and travel",91,8,36,760,"Credit card",724,,36,7
"544-55-9589","B","Mandalay","Member","Female","Electronic accessories",21,10,11,225,"Cash",214,,11,6
"608-05-3804","B","Mandalay","Member","Male","Electronic accessories",40,1,2,42,"Cash",40,,2,6
"761-49-0439","B","Mandalay","Member","Female","Electronic accessories",12,8,5,102,"Ewallet",97,,5,9
"490-95-0021","B","Mandalay","Member","Female","Food and beverages",33,10,17,349,"Ewallet",332,,17,6
"311-13-6971","B","Mandalay","Member","Male","Sports and travel",32,10,16,336,"Credit card",320,,16,10
"114-35-5271","B","Mandalay","Normal","Female","Electronic accessories",58,8,23,486,"Cash",463,,23,8
"715-20-1673","B","Mandalay","Normal","Male","Electronic accessories",28,5,7,149,"Cash",142,,7,9
"811-35-1094","B","Mandalay","Member","Male","Electronic accessories",50,6,15,318,"Credit card",303,,15,9
"699-88-1972","B","Mandalay","Normal","Male","Health and beauty",99,8,40,833,"Credit card",793,,40,4
"509-10-0516","B","Mandalay","Normal","Male","Home and lifestyle",46,4,9,193,"Ewallet",184,,9,5
"851-98-3555","B","Mandalay","Normal","Female","Health and beauty",83,5,21,435,"Credit card",414,,21,7
"624-01-8356","B","Mandalay","Normal","Female","Home and lifestyle",49,10,25,515,"Credit card",490,,25,4
"313-66-9943","B","Mandalay","Member","Female","Food and beverages",29,3,4,92,"Credit card",87,,4,7
"777-67-2495","B","Mandalay","Normal","Male","Home and lifestyle",69,3,10,217,"Ewallet",207,,10,9
"636-98-3364","B","Mandalay","Member","Female","Electronic accessories",26,3,4,83,"Ewallet",79,,4,6
"181-82-6255","B","Mandalay","Normal","Female","Home and lifestyle",16,6,5,103,"Cash",98,,5,7
"226-34-0034","B","Mandalay","Normal","Female","Electronic accessories",14,4,3,58,"Ewallet",55,,3,9
"321-49-7382","B","Mandalay","Member","Male","Sports and travel",88,1,4,93,"Credit card",88,,4,5
"431-66-2305","B","Mandalay","Normal","Female","Electronic accessories",88,9,40,834,"Credit card",794,,40,8
"825-94-5922","B","Mandalay","Normal","Male","Sports and travel",25,2,3,53,"Ewallet",51,,3,7
"641-62-7288","B","Mandalay","Normal","Male","Home and lifestyle",100,6,30,629,"Ewallet",600,,30,7
"501-61-1753","B","Mandalay","Normal","Female","Home and lifestyle",63,6,19,398,"Ewallet",379,,19,10
"676-10-2200","B","Mandalay","Member","Male","Fashion accessories",54,1,3,56,"Ewallet",54,,3,5
"365-16-4334","B","Mandalay","Normal","Female","Food and beverages",26,8,11,222,"Ewallet",211,,11,9
"503-21-4385","B","Mandalay","Member","Male","Health and beauty",40,3,6,126,"Ewallet",120,,6,9
"305-89-2768","B","Mandalay","Member","Female","Home and lifestyle",22,3,3,69,"Ewallet",66,,3,5
"574-80-1489","B","Mandalay","Member","Female","Food and beverages",63,4,13,264,"Ewallet",251,,13,9
"200-40-6154","B","Mandalay","Member","Male","Home and lifestyle",66,6,20,415,"Cash",395,,20,6
"430-02-3888","B","Mandalay","Normal","Male","Electronic accessories",46,6,14,290,"Cash",276,,14,7
"794-42-3736","B","Mandalay","Normal","Male","Food and beverages",33,2,3,70,"Credit card",67,,3,6
"172-42-8274","B","Mandalay","Normal","Female","Electronic accessories",38,2,4,80,"Credit card",77,,4,6
"214-30-2776","B","Mandalay","Member","Female","Electronic accessories",34,5,9,181,"Credit card",172,,9,9
"746-04-1077","B","Mandalay","Member","Female","Food and beverages",85,10,42,889,"Credit card",846,,42,9
"448-34-8700","B","Mandalay","Member","Male","Home and lifestyle",37,7,13,271,"Ewallet",258,,13,7
"452-04-8808","B","Mandalay","Normal","Male","Electronic accessories",87,7,30,640,"Cash",610,,30,6
"883-69-1285","B","Mandalay","Member","Male","Fashion accessories",50,2,5,105,"Credit card",100,,5,7
"518-71-6847","B","Mandalay","Member","Male","Food and beverages",27,6,8,168,"Ewallet",160,,8,5
"156-20-0370","B","Mandalay","Normal","Female","Electronic accessories",25,1,1,27,"Credit card",25,,1,5
"151-33-7434","B","Mandalay","Normal","Female","Food and beverages",68,1,3,71,"Credit card",68,,3,7
"374-38-5555","B","Mandalay","Normal","Female","Fashion accessories",64,5,16,334,"Ewallet",319,,16,9
"764-44-8999","B","Mandalay","Normal","Female","Health and beauty",15,2,1,31,"Ewallet",30,,1,4
"552-44-5977","B","Mandalay","Member","Male","Health and beauty",62,8,25,521,"Credit card",496,,25,6
"430-53-4718","B","Mandalay","Member","Male","Health and beauty",75,8,30,633,"Credit card",603,,30,8
"602-16-6955","B","Mandalay","Normal","Female","Sports and travel",77,10,38,804,"Ewallet",766,,38,6
"690-01-6631","B","Mandalay","Normal","Male","Fashion accessories",17,10,9,184,"Ewallet",175,,9,7
"303-96-2227","B","Mandalay","Normal","Female","Home and lifestyle",97,10,49,1022,"Ewallet",974,,49,4
